"","Age","Primary streaming service","Hours per day","While working","Instrumentalist","Composer","Fav genre","Exploratory","Foreign languages","BPM","Frequency [Classical]","Frequency [Country]","Frequency [EDM]","Frequency [Folk]","Frequency [Gospel]","Frequency [Hip hop]","Frequency [Jazz]","Frequency [K pop]","Frequency [Latin]","Frequency [Lofi]","Frequency [Metal]","Frequency [Pop]","Frequency [R&B]","Frequency [Rap]","Frequency [Rock]","Frequency [Video game music]","Anxiety","Depression","Insomnia","OCD","Music effects"
"1",18,"Spotify",4,"No","No","No","Video game music","No","Yes",132,"Never","Never","Very frequently","Never","Never","Rarely","Rarely","Very frequently","Never","Sometimes","Sometimes","Rarely","Never","Rarely","Rarely","Very frequently",7,7,10,2,"No effect"
"2",61,"YouTube Music",2.5,"Yes","No","Yes","Jazz","Yes","Yes",84,"Sometimes","Never","Never","Rarely","Sometimes","Never","Very frequently","Sometimes","Very frequently","Sometimes","Never","Sometimes","Sometimes","Never","Never","Never",9,7,3,3,"Improve"
"3",18,"Spotify",4,"Yes","No","No","R&B","Yes","No",107,"Never","Never","Rarely","Never","Rarely","Very frequently","Never","Very frequently","Sometimes","Sometimes","Never","Sometimes","Very frequently","Very frequently","Never","Rarely",7,2,5,9,"Improve"
"4",18,"Spotify",5,"Yes","Yes","Yes","Jazz","Yes","Yes",86,"Rarely","Sometimes","Never","Never","Never","Sometimes","Very frequently","Very frequently","Rarely","Very frequently","Rarely","Very frequently","Very frequently","Very frequently","Very frequently","Never",8,8,7,7,"Improve"
"5",18,"YouTube Music",3,"Yes","Yes","No","Video game music","Yes","Yes",66,"Sometimes","Never","Rarely","Sometimes","Rarely","Rarely","Sometimes","Never","Rarely","Rarely","Rarely","Rarely","Rarely","Never","Never","Sometimes",4,8,6,0,"Improve"
"6",21,"Spotify",1,"Yes","No","No","K pop","Yes","Yes",95,"Never","Never","Rarely","Never","Never","Very frequently","Rarely","Very frequently","Never","Sometimes","Never","Sometimes","Sometimes","Rarely","Never","Rarely",5,3,5,3,"Improve"
"7",19,"Spotify",6,"Yes","No","No","Rock","No","No",94,"Never","Very frequently","Never","Sometimes","Never","Never","Never","Never","Never","Never","Very frequently","Never","Never","Never","Very frequently","Never",2,0,0,0,"Improve"
"8",18,"I do not use a streaming service.",1,"Yes","No","No","R&B","Yes","Yes",155,"Rarely","Rarely","Rarely","Rarely","Sometimes","Rarely","Rarely","Never","Rarely","Rarely","Never","Sometimes","Sometimes","Rarely","Sometimes","Sometimes",2,2,5,1,"Improve"
"9",19,"YouTube Music",8,"Yes","No","No","EDM","Yes","No",125,"Rarely","Never","Very frequently","Never","Never","Sometimes","Rarely","Rarely","Rarely","Rarely","Never","Rarely","Rarely","Sometimes","Rarely","Rarely",1,0,0,1,"Improve"
"10",19,"Spotify",2,"Yes","No","No","Country","Yes","No",88,"Never","Very frequently","Rarely","Sometimes","Never","Sometimes","Never","Never","Never","Rarely","Never","Rarely","Never","Very frequently","Never","Never",2,1,2,0,"Improve"
"11",18,"Spotify",4,"Yes","Yes","No","Jazz","Yes","Yes",148,"Very frequently","Rarely","Never","Never","Never","Never","Very frequently","Never","Sometimes","Rarely","Sometimes","Sometimes","Never","Never","Sometimes","Rarely",6,4,7,0,"Improve"
"12",16,"Spotify",8,"Yes","No","No","Hip hop","Yes","Yes",103,"Never","Never","Never","Never","Never","Very frequently","Never","Never","Never","Never","Never","Never","Sometimes","Very frequently","Never","Rarely",8,8,4,3,"Improve"
"13",16,"Spotify",12,"Yes","No","Yes","Hip hop","Yes","Yes",120,"Rarely","Never","Sometimes","Rarely","Never","Very frequently","Rarely","Never","Never","Never","Sometimes","Sometimes","Rarely","Sometimes","Very frequently","Never",5,7,10,0,"Improve"
"14",17,"Spotify",24,"Yes","No","No","Rap","Yes","No",99,"Rarely","Never","Never","Never","Never","Sometimes","Sometimes","Sometimes","Rarely","Never","Sometimes","Rarely","Sometimes","Very frequently","Very frequently","Never",7,5,0,3,"Improve"
"15",15,"Spotify",3,"No","No","No","Hip hop","No","No",120,"Never","Never","Never","Never","Never","Very frequently","Rarely","Never","Never","Never","Rarely","Rarely","Sometimes","Very frequently","Rarely","Never",7,3,0,2,"Improve"
"16",15,"Apple Music",8,"Yes","No","No","Hip hop","Yes","Yes",120,"Rarely","Never","Sometimes","Rarely","Never","Very frequently","Sometimes","Very frequently","Sometimes","Rarely","Rarely","Very frequently","Rarely","Very frequently","Sometimes","Sometimes",6,9,3,0,"Improve"
"17",17,"Spotify",4,"Yes","No","No","Rap","Yes","No",125,"Never","Rarely","Rarely","Never","Never","Sometimes","Never","Never","Never","Rarely","Rarely","Sometimes","Never","Very frequently","Sometimes","Never",10,10,2,4,"Improve"
"18",19,"I do not use a streaming service.",5,"Yes","No","No","R&B","Yes","Yes",118,"Rarely","Rarely","Sometimes","Very frequently","Rarely","Very frequently","Sometimes","Never","Never","Rarely","Rarely","Rarely","Very frequently","Very frequently","Sometimes","Rarely",6,7,5,4,"Improve"
"19",18,"Spotify",2,"Yes","No","No","Pop","No","Yes",79,"Rarely","Rarely","Sometimes","Never","Never","Rarely","Never","Rarely","Sometimes","Never","Never","Very frequently","Never","Never","Never","Rarely",3,3,8,6,"No effect"
"20",16,"Other streaming service",3,"Yes","Yes","Yes","Rock","Yes","Yes",84,"Rarely","Rarely","Never","Rarely","Sometimes","Sometimes","Sometimes","Never","Rarely","Never","Sometimes","Never","Sometimes","Rarely","Very frequently","Sometimes",10,6,8,10,"Improve"
"21",18,"Spotify",2,"No","No","No","Pop","Yes","Yes",169,"Sometimes","Rarely","Rarely","Very frequently","Rarely","Rarely","Rarely","Very frequently","Never","Sometimes","Never","Very frequently","Sometimes","Sometimes","Sometimes","Never",7,4,2,5,"Improve"
"22",14,"Spotify",12,"Yes","Yes","Yes","Rock","Yes","Yes",136,"Sometimes","Sometimes","Rarely","Rarely","Rarely","Very frequently","Sometimes","Never","Never","Very frequently","Never","Very frequently","Very frequently","Very frequently","Very frequently","Sometimes",8,6,10,5,"Improve"
"23",18,"YouTube Music",6,"Yes","Yes","Yes","Pop","No","Yes",101,"Sometimes","Rarely","Rarely","Rarely","Rarely","Sometimes","Sometimes","Never","Never","Never","Never","Very frequently","Sometimes","Sometimes","Never","Never",3,2,1,2,"Improve"
"24",17,"Spotify",2,"Yes","Yes","No","Pop","Yes","Yes",126,"Never","Very frequently","Rarely","Rarely","Never","Never","Rarely","Sometimes","Very frequently","Rarely","Rarely","Very frequently","Rarely","Never","Sometimes","Sometimes",6,6,4,5,"Improve"
"25",17,"Apple Music",1,"Yes","No","No","Pop","Yes","No",183,"Rarely","Never","Never","Rarely","Never","Never","Sometimes","Never","Never","Never","Sometimes","Sometimes","Never","Never","Sometimes","Never",8,2,1,5,"Improve"
"26",19,"Spotify",2,"Yes","No","No","Classical","No","No",120,"Very frequently","Never","Never","Never","Never","Rarely","Rarely","Never","Never","Sometimes","Never","Very frequently","Never","Never","Never","Very frequently",4,4,4,3,"No effect"
"27",17,"Spotify",4,"No","No","No","Rock","Yes","Yes",142,"Rarely","Rarely","Rarely","Very frequently","Never","Sometimes","Rarely","Rarely","Never","Rarely","Rarely","Very frequently","Rarely","Sometimes","Very frequently","Rarely",5,6,6,1,"Improve"
"28",16,"Spotify",1,"Yes","No","No","Classical","No","No",75,"Very frequently","Never","Never","Rarely","Never","Never","Never","Never","Never","Never","Rarely","Never","Never","Never","Never","Rarely",0,0,0,0,"No effect"
"29",18,"Spotify",5,"Yes","Yes","No","Pop","Yes","No",120,"Sometimes","Rarely","Sometimes","Rarely","Sometimes","Sometimes","Rarely","Sometimes","Rarely","Sometimes","Rarely","Very frequently","Sometimes","Sometimes","Rarely","Never",3,2,1,1,"Improve"
"30",21,"Spotify",4,"Yes","No","No","Pop","No","Yes",89,"Never","Never","Rarely","Never","Never","Sometimes","Never","Rarely","Rarely","Never","Never","Very frequently","Never","Rarely","Never","Never",6,8,0,2,"Improve"
"31",26,"Other streaming service",0.5,"No","No","No","Rock","No","Yes",140,"Rarely","Never","Rarely","Sometimes","Never","Never","Rarely","Never","Never","Never","Never","Rarely","Never","Never","Very frequently","Never",9,8,1,0,"No effect"
"32",20,"Spotify",4,"Yes","No","No","EDM","Yes","No",161,"Rarely","Rarely","Very frequently","Sometimes","Rarely","Sometimes","Rarely","Sometimes","Never","Sometimes","Rarely","Very frequently","Very frequently","Sometimes","Very frequently","Rarely",7,2,8,6,"Improve"
"33",23,"YouTube Music",2,"Yes","Yes","Yes","Video game music","Yes","No",80,"Sometimes","Rarely","Never","Rarely","Sometimes","Never","Sometimes","Rarely","Rarely","Rarely","Rarely","Sometimes","Sometimes","Rarely","Sometimes","Very frequently",4,2,3,4,"Improve"
"34",18,"Spotify",5,"Yes","Yes","No","Rock","Yes","No",130,"Very frequently","Never","Never","Sometimes","Never","Sometimes","Sometimes","Rarely","Never","Sometimes","Very frequently","Sometimes","Rarely","Sometimes","Very frequently","Sometimes",7,6,5,0,"Improve"
"35",37,"YouTube Music",0.25,"No","No","No","Video game music","Yes","No",147,"Very frequently","Rarely","Never","Rarely","Never","Rarely","Sometimes","Never","Rarely","Never","Never","Very frequently","Sometimes","Never","Sometimes","Sometimes",3,2,10,0,"No effect"
"36",17,"Spotify",3,"Yes","No","No","Classical","Yes","Yes",120,"Very frequently","Never","Very frequently","Never","Never","Very frequently","Sometimes","Sometimes","Rarely","Sometimes","Never","Sometimes","Very frequently","Very frequently","Rarely","Sometimes",6,6,8,2,"Improve"
"37",18,"Spotify",4,"Yes","No","No","Metal","Yes","Yes",77,"Rarely","Never","Never","Never","Never","Very frequently","Rarely","Never","Never","Never","Very frequently","Sometimes","Sometimes","Very frequently","Very frequently","Very frequently",1,0,8,2,"No effect"
"38",17,"I do not use a streaming service.",1,"Yes","Yes","Yes","Folk","No","No",118,"Never","Sometimes","Rarely","Very frequently","Never","Rarely","Never","Never","Rarely","Rarely","Rarely","Rarely","Rarely","Sometimes","Sometimes","Sometimes",7,3,1,5,"Improve"
"39",36,"Spotify",1,"No","Yes","Yes","Classical","No","No",132,"Very frequently","Sometimes","Never","Rarely","Never","Never","Never","Never","Never","Never","Sometimes","Rarely","Never","Never","Sometimes","Never",8,9,3,0,"No effect"
"40",24,"Spotify",3,"Yes","No","No","Rock","Yes","Yes",115,"Rarely","Never","Rarely","Sometimes","Never","Never","Never","Rarely","Never","Very frequently","Rarely","Sometimes","Never","Never","Very frequently","Sometimes",9,6,4,3,"Improve"
"41",18,"Spotify",5,"Yes","No","Yes","Metal","Yes","Yes",157,"Never","Never","Rarely","Rarely","Never","Very frequently","Rarely","Never","Rarely","Rarely","Very frequently","Sometimes","Rarely","Very frequently","Very frequently","Never",7,9,5,0,"Improve"
"42",19,"Spotify",3,"Yes","No","No","Pop","No","Yes",90,"Sometimes","Rarely","Sometimes","Never","Never","Very frequently","Sometimes","Rarely","Never","Sometimes","Rarely","Very frequently","Sometimes","Sometimes","Sometimes","Sometimes",7,4,2,4,"No effect"
"43",17,"Apple Music",2,"Yes","Yes","No","EDM","Yes","No",128,"Never","Rarely","Very frequently","Never","Never","Rarely","Never","Never","Rarely","Rarely","Very frequently","Sometimes","Sometimes","Sometimes","Very frequently","Rarely",0,0,0,0,"Improve"
"44",16,"Spotify",6,"Yes","No","No","K pop","Yes","Yes",169,"Rarely","Never","Never","Rarely","Sometimes","Very frequently","Rarely","Very frequently","Very frequently","Very frequently","Never","Sometimes","Very frequently","Very frequently","Rarely","Never",7,8,7,5,"Improve"
"45",23,"Apple Music",1,"No","No","No","Rap","No","Yes",140,"Sometimes","Rarely","Sometimes","Rarely","Never","Very frequently","Very frequently","Never","Never","Never","Sometimes","Rarely","Rarely","Very frequently","Very frequently","Rarely",10,6,3,10,"No effect"
"46",23,"Spotify",12,"Yes","No","No","Pop","Yes","Yes",96,"Very frequently","Rarely","Never","Very frequently","Never","Rarely","Sometimes","Rarely","Rarely","Rarely","Never","Very frequently","Sometimes","Rarely","Rarely","Never",3,7,5,5,"No effect"
"47",22,"Spotify",4,"Yes","No","Yes","Rock","Yes","Yes",126,"Rarely","Never","Rarely","Sometimes","Never","Rarely","Rarely","Never","Never","Rarely","Sometimes","Very frequently","Sometimes","Rarely","Very frequently","Rarely",8,7,4,3,"Improve"
"48",18,"Spotify",6,"Yes","No","No","Rock","Yes","No",91,"Rarely","Never","Never","Rarely","Never","Never","Never","Never","Never","Never","Very frequently","Rarely","Never","Sometimes","Very frequently","Never",8,6,2,10,"No effect"
"49",23,"Spotify",7,"Yes","No","No","Folk","Yes","Yes",55,"Rarely","Very frequently","Never","Very frequently","Very frequently","Sometimes","Rarely","Never","Rarely","Never","Sometimes","Sometimes","Rarely","Rarely","Rarely","Sometimes",6,4,2,3,"Improve"
"50",23,"I do not use a streaming service.",1,"Yes","Yes","No","Video game music","No","No",85,"Sometimes","Sometimes","Sometimes","Rarely","Never","Rarely","Sometimes","Rarely","Rarely","Very frequently","Never","Sometimes","Very frequently","Rarely","Sometimes","Very frequently",7,0,0,2,"Improve"
"51",19,"YouTube Music",1,"No","Yes","No","K pop","Yes","Yes",160,"Never","Never","Never","Never","Never","Never","Sometimes","Very frequently","Never","Never","Never","Never","Never","Never","Never","Rarely",10,1,0,0,"Improve"
"52",22,"Pandora",1,"No","Yes","No","Rock","Yes","No",108,"Rarely","Never","Sometimes","Rarely","Never","Never","Very frequently","Never","Never","Never","Never","Sometimes","Rarely","Never","Very frequently","Rarely",8,7,0,5,"Improve"
"53",15,"Other streaming service",2,"Yes","Yes","No","Rock","No","No",156,"Never","Never","Rarely","Rarely","Never","Never","Never","Never","Never","Rarely","Sometimes","Sometimes","Never","Never","Very frequently","Sometimes",3,2,6,7,"Improve"
"54",25,"Spotify",2,"No","No","No","Metal","No","Yes",170,"Rarely","Rarely","Rarely","Sometimes","Never","Rarely","Never","Rarely","Never","Rarely","Very frequently","Sometimes","Never","Rarely","Very frequently","Very frequently",5,5,3,1,"No effect"
"55",32,"Spotify",5,"Yes","No","No","Rock","No","Yes",91,"Sometimes","Never","Rarely","Sometimes","Never","Sometimes","Rarely","Rarely","Never","Never","Very frequently","Very frequently","Very frequently","Rarely","Very frequently","Never",10,10,3,1,"Worsen"
"56",36,"Spotify",6,"Yes","No","No","Metal","Yes","Yes",174,"Very frequently","Never","Rarely","Very frequently","Never","Never","Never","Sometimes","Never","Rarely","Very frequently","Rarely","Never","Never","Sometimes","Very frequently",5,4,10,2,"Improve"
"57",24,"Spotify",3,"No","No","No","Rock","Yes","Yes",130,"Sometimes","Sometimes","Never","Rarely","Never","Never","Rarely","Never","Rarely","Never","Very frequently","Very frequently","Never","Never","Very frequently","Never",0,0,8,0,"No effect"
"58",29,"Spotify",4,"No","No","No","Hip hop","Yes","No",140,"Rarely","Sometimes","Rarely","Never","Rarely","Very frequently","Rarely","Rarely","Rarely","Rarely","Never","Sometimes","Sometimes","Sometimes","Sometimes","Never",8,8,5,10,"Improve"
"59",41,"Apple Music",3,"Yes","Yes","Yes","Metal","Yes","Yes",130,"Sometimes","Never","Sometimes","Never","Never","Rarely","Rarely","Never","Never","Sometimes","Sometimes","Sometimes","Never","Rarely","Rarely","Never",10,7,8,0,"Improve"
"60",36,"I do not use a streaming service.",2,"Yes","Yes","Yes","Rock","Yes","No",127,"Sometimes","Rarely","Very frequently","Sometimes","Rarely","Rarely","Very frequently","Never","Never","Never","Very frequently","Sometimes","Rarely","Rarely","Very frequently","Sometimes",7,3,1,1,"Improve"
"61",19,"YouTube Music",3,"Yes","No","No","Rock","Yes","No",160,"Rarely","Sometimes","Sometimes","Rarely","Never","Sometimes","Rarely","Never","Sometimes","Sometimes","Sometimes","Sometimes","Very frequently","Very frequently","Very frequently","Rarely",8,7,4,0,"Improve"
"62",26,"Spotify",2,"Yes","Yes","Yes","Hip hop","Yes","Yes",165,"Rarely","Rarely","Very frequently","Rarely","Rarely","Very frequently","Rarely","Rarely","Rarely","Rarely","Rarely","Sometimes","Rarely","Very frequently","Very frequently","Rarely",6,3,1,1,"Improve"
"63",22,"Apple Music",0.5,"No","No","No","Hip hop","No","No",113,"Sometimes","Never","Never","Never","Never","Very frequently","Rarely","Never","Rarely","Never","Never","Sometimes","Sometimes","Very frequently","Never","Never",7,7,0,1,"No effect"
"64",16,"Spotify",5,"Yes","Yes","Yes","Jazz","Yes","Yes",167,"Sometimes","Rarely","Never","Never","Rarely","Rarely","Very frequently","Very frequently","Rarely","Never","Never","Very frequently","Rarely","Very frequently","Sometimes","Never",7,7,8,4,"Improve"
"65",17,"Spotify",5,"Yes","No","No","Metal","Yes","Yes",95,"Never","Sometimes","Rarely","Rarely","Never","Never","Never","Never","Never","Never","Very frequently","Rarely","Never","Never","Very frequently","Sometimes",4,1,0,0,"Improve"
"66",19,"Spotify",10,"Yes","No","No","R&B","Yes","Yes",110,"Never","Rarely","Very frequently","Never","Never","Sometimes","Never","Very frequently","Never","Never","Never","Rarely","Very frequently","Rarely","Never","Never",7,2,1,5,"Improve"
"67",18,"YouTube Music",2,"No","No","No","EDM","No","Yes",150,"Sometimes","Rarely","Very frequently","Never","Rarely","Rarely","Rarely","Never","Never","Sometimes","Never","Very frequently","Rarely","Sometimes","Rarely","Very frequently",9,0,5,10,"Improve"
"68",18,"YouTube Music",4,"Yes","No","No","Hip hop","Yes","Yes",93,"Never","Never","Rarely","Never","Never","Very frequently","Sometimes","Sometimes","Rarely","Sometimes","Never","Very frequently","Very frequently","Very frequently","Sometimes","Rarely",2,7,1,1,"Improve"
"69",19,"Spotify",5,"No","Yes","Yes","Rock","Yes","Yes",90,"Rarely","Never","Never","Rarely","Never","Sometimes","Very frequently","Never","Very frequently","Rarely","Sometimes","Rarely","Sometimes","Rarely","Very frequently","Rarely",10,8,7,0,"Improve"
"70",19,"Spotify",3,"Yes","No","No","Jazz","Yes","No",118,"Rarely","Never","Rarely","Never","Never","Very frequently","Very frequently","Rarely","Sometimes","Very frequently","Never","Sometimes","Sometimes","Sometimes","Rarely","Very frequently",3,0,0,0,"Improve"
"71",22,"Spotify",2,"Yes","No","No","K pop","Yes","Yes",126,"Never","Never","Very frequently","Never","Never","Sometimes","Never","Very frequently","Never","Never","Never","Sometimes","Never","Sometimes","Very frequently","Rarely",7,8,5,1,"No effect"
"72",16,"Spotify",2.5,"Yes","Yes","Yes","Rock","Yes","Yes",103,"Rarely","Sometimes","Never","Very frequently","Never","Rarely","Sometimes","Never","Sometimes","Sometimes","Rarely","Very frequently","Rarely","Never","Very frequently","Rarely",2,1,0,0,"Improve"
"73",19,"Spotify",3,"Yes","No","No","R&B","Yes","Yes",77,"Rarely","Never","Sometimes","Never","Never","Very frequently","Rarely","Very frequently","Rarely","Rarely","Rarely","Very frequently","Very frequently","Very frequently","Rarely","Very frequently",5,4,0,1,"Improve"
"74",37,"Spotify",1,"Yes","No","No","Rock","No","No",115,"Rarely","Rarely","Rarely","Rarely","Never","Rarely","Rarely","Rarely","Never","Rarely","Rarely","Sometimes","Rarely","Rarely","Very frequently","Never",9,10,6,10,"No effect"
"75",14,"Spotify",7,"Yes","Yes","No","Jazz","No","No",110,"Rarely","Never","Very frequently","Never","Never","Never","Very frequently","Never","Sometimes","Never","Never","Sometimes","Never","Never","Very frequently","Very frequently",2,0,0,0,"Improve"
"76",26,"Spotify",1,"No","No","No","R&B","No","No",113,"Rarely","Sometimes","Never","Sometimes","Never","Very frequently","Very frequently","Never","Never","Never","Very frequently","Very frequently","Very frequently","Very frequently","Very frequently","Never",3,2,0,0,"No effect"
"77",32,"Spotify",3,"Yes","No","No","Hip hop","No","No",157,"Never","Never","Rarely","Never","Never","Very frequently","Never","Never","Sometimes","Rarely","Never","Sometimes","Very frequently","Very frequently","Rarely","Never",2,0,7,0,"No effect"
"78",30,"Spotify",5,"Yes","Yes","No","Metal","Yes","No",160,"Sometimes","Rarely","Never","Sometimes","Never","Rarely","Never","Never","Never","Never","Very frequently","Sometimes","Never","Never","Very frequently","Never",7,6,6,2,"No effect"
"79",43,"I do not use a streaming service.",6,"Yes","Yes","Yes","Video game music","Yes","Yes",109,"Sometimes","Rarely","Very frequently","Rarely","Rarely","Rarely","Rarely","Sometimes","Rarely","Very frequently","Rarely","Sometimes","Rarely","Never","Sometimes","Very frequently",5,4,8,3,"No effect"
"80",24,"Spotify",4,"Yes","No","No","Classical","Yes","Yes",175,"Very frequently","Rarely","Rarely","Never","Never","Rarely","Rarely","Never","Never","Never","Sometimes","Very frequently","Rarely","Never","Very frequently","Rarely",4,6,5,3,"Improve"
"81",36,"YouTube Music",1,"Yes","No","No","Rock","Yes","No",110,"Sometimes","Rarely","Never","Never","Never","Never","Never","Never","Never","Never","Rarely","Sometimes","Rarely","Rarely","Very frequently","Never",6,2,3,1,"Improve"
"82",19,"YouTube Music",4,"Yes","No","No","Video game music","Yes","No",162,"Rarely","Never","Rarely","Never","Never","Rarely","Sometimes","Never","Never","Sometimes","Never","Sometimes","Never","Never","Rarely","Very frequently",8,2,1,6,"Improve"
"83",22,"Spotify",10,"Yes","No","No","Metal","Yes","Yes",189,"Rarely","Very frequently","Never","Very frequently","Never","Never","Rarely","Never","Never","Never","Very frequently","Rarely","Never","Rarely","Sometimes","Sometimes",9,6,0,6,"Improve"
"84",20,"Spotify",3,"No","No","Yes","EDM","Yes","Yes",121,"Rarely","Sometimes","Very frequently","Never","Never","Sometimes","Never","Rarely","Never","Sometimes","Never","Sometimes","Never","Sometimes","Sometimes","Rarely",0,3,7,0,"Improve"
"85",31,"Spotify",2,"No","No","No","Rock","Yes","No",200,"Rarely","Rarely","Never","Rarely","Never","Rarely","Rarely","Never","Never","Rarely","Sometimes","Sometimes","Never","Rarely","Very frequently","Never",8,9,6,2,"Improve"
"86",19,"Spotify",4,"Yes","No","No","Metal","Yes","Yes",105,"Sometimes","Never","Never","Never","Never","Sometimes","Sometimes","Rarely","Never","Never","Sometimes","Sometimes","Rarely","Sometimes","Very frequently","Rarely",4,1,1,1,"Improve"
"87",15,"Spotify",8,"Yes","No","No","Rock","No","No",193,"Never","Never","Never","Never","Never","Never","Never","Never","Never","Never","Sometimes","Rarely","Never","Never","Very frequently","Rarely",8,7,5,0,"Improve"
"88",18,"Spotify",2,"No","Yes","Yes","Metal","Yes","Yes",149,"Never","Never","Rarely","Never","Never","Sometimes","Never","Never","Never","Never","Very frequently","Sometimes","Never","Rarely","Very frequently","Rarely",3,4,6,1,"Improve"
"89",25,"I do not use a streaming service.",0.5,"No","Yes","No","Classical","No","No",140,"Very frequently","Never","Never","Never","Rarely","Never","Sometimes","Never","Sometimes","Never","Rarely","Rarely","Rarely","Never","Very frequently","Sometimes",1,1,3,1,"Improve"
"90",17,"Apple Music",5,"Yes","No","No","Metal","Yes","No",134,"Never","Rarely","Never","Never","Never","Sometimes","Never","Never","Never","Rarely","Very frequently","Sometimes","Sometimes","Sometimes","Very frequently","Rarely",10,8,6,7,"No effect"
"91",28,"YouTube Music",1,"No","No","No","Rock","Yes","No",120,"Rarely","Never","Very frequently","Sometimes","Never","Never","Never","Never","Never","Rarely","Rarely","Rarely","Never","Never","Sometimes","Rarely",6,6,2,0,"No effect"
"92",20,"Spotify",3,"Yes","No","No","Rock","Yes","Yes",170,"Never","Never","Rarely","Never","Never","Rarely","Never","Sometimes","Never","Rarely","Rarely","Sometimes","Sometimes","Rarely","Very frequently","Sometimes",6,7,0,0,"Improve"
"93",21,"YouTube Music",2,"Yes","Yes","No","Metal","Yes","Yes",107,"Sometimes","Rarely","Never","Very frequently","Never","Never","Rarely","Never","Never","Rarely","Very frequently","Rarely","Never","Rarely","Sometimes","Very frequently",8,4,10,0,"No effect"
"94",41,"Spotify",3,"Yes","No","No","Pop","No","Yes",113,"Sometimes","Never","Rarely","Rarely","Rarely","Very frequently","Sometimes","Rarely","Rarely","Never","Rarely","Very frequently","Very frequently","Sometimes","Very frequently","Never",9,7,6,2,"No effect"
"95",20,"Spotify",2,"Yes","Yes","No","Pop","Yes","No",126,"Never","Never","Sometimes","Never","Never","Rarely","Never","Never","Never","Never","Never","Very frequently","Never","Rarely","Very frequently","Sometimes",7,4,6,5,"Improve"
"96",34,"Other streaming service",4,"Yes","No","No","Metal","Yes","Yes",161,"Rarely","Never","Sometimes","Never","Never","Sometimes","Rarely","Never","Never","Never","Very frequently","Rarely","Never","Sometimes","Sometimes","Rarely",6,7,0,0,"No effect"
"97",23,"Spotify",2,"Yes","No","No","Metal","Yes","Yes",100,"Rarely","Never","Never","Rarely","Never","Never","Never","Never","Never","Sometimes","Very frequently","Rarely","Never","Never","Sometimes","Rarely",6,3,0,1,"Improve"
"98",16,"Spotify",3,"No","No","No","Pop","No","No",140,"Rarely","Never","Never","Never","Never","Sometimes","Rarely","Never","Rarely","Never","Never","Very frequently","Sometimes","Rarely","Never","Never",7,5,5,3,"Improve"
"99",19,"YouTube Music",4,"Yes","No","No","Pop","Yes","No",156,"Rarely","Rarely","Rarely","Rarely","Never","Sometimes","Rarely","Rarely","Never","Never","Rarely","Very frequently","Rarely","Sometimes","Sometimes","Sometimes",7,10,5,0,"Improve"
"100",22,"Spotify",2,"Yes","Yes","No","Rock","Yes","Yes",98,"Sometimes","Never","Never","Rarely","Never","Sometimes","Sometimes","Never","Sometimes","Rarely","Rarely","Very frequently","Sometimes","Sometimes","Very frequently","Sometimes",8,6,0,0,"Improve"
"101",19,"Spotify",8,"Yes","No","No","K pop","Yes","Yes",100,"Very frequently","Never","Rarely","Never","Never","Sometimes","Sometimes","Very frequently","Never","Very frequently","Never","Very frequently","Sometimes","Rarely","Rarely","Rarely",4,3,0,0,"Improve"
"102",23,"Spotify",4,"Yes","No","No","Hip hop","Yes","Yes",78,"Rarely","Never","Sometimes","Sometimes","Never","Very frequently","Rarely","Very frequently","Sometimes","Very frequently","Rarely","Very frequently","Very frequently","Very frequently","Sometimes","Sometimes",7,6,7,5,"Improve"
"103",23,"Spotify",2,"No","Yes","No","Metal","No","Yes",117,"Never","Never","Rarely","Never","Never","Rarely","Rarely","Never","Never","Never","Very frequently","Never","Never","Rarely","Sometimes","Never",7,3,2,3,"Improve"
"104",22,"Spotify",1,"No","No","Yes","EDM","Yes","No",128,"Never","Never","Very frequently","Never","Rarely","Sometimes","Sometimes","Never","Never","Never","Never","Very frequently","Very frequently","Sometimes","Sometimes","Never",2,7,5,0,"Improve"
"105",17,"Spotify",3,"Yes","No","No","Rock","Yes","No",130,"Rarely","Sometimes","Sometimes","Sometimes","Never","Rarely","Rarely","Rarely","Never","Very frequently","Sometimes","Very frequently","Very frequently","Sometimes","Very frequently","Sometimes",7,8,6,5,"Improve"
"106",28,"Spotify",0.5,"No","No","No","Folk","Yes","No",130,"Rarely","Sometimes","Never","Very frequently","Never","Rarely","Rarely","Never","Never","Never","Never","Sometimes","Never","Rarely","Very frequently","Rarely",4,7,1,0,"Improve"
"107",19,"Apple Music",3,"Yes","No","No","Rock","Yes","Yes",126,"Never","Sometimes","Sometimes","Never","Never","Very frequently","Never","Never","Never","Rarely","Rarely","Rarely","Rarely","Sometimes","Very frequently","Sometimes",5,2,8,6,"Improve"
"108",17,"Spotify",2,"Yes","Yes","Yes","Hip hop","Yes","Yes",122,"Rarely","Never","Sometimes","Sometimes","Never","Very frequently","Sometimes","Rarely","Rarely","Rarely","Very frequently","Rarely","Rarely","Very frequently","Very frequently","Never",10,7,4,2,"Improve"
"109",21,"YouTube Music",1,"No","No","No","Rock","Yes","No",179,"Never","Rarely","Never","Rarely","Never","Sometimes","Rarely","Never","Never","Very frequently","Sometimes","Rarely","Sometimes","Sometimes","Very frequently","Rarely",6,5,0,0,"No effect"
"110",29,"Other streaming service",5,"Yes","No","No","Jazz","Yes","Yes",200,"Rarely","Never","Never","Rarely","Never","Never","Very frequently","Never","Rarely","Rarely","Rarely","Never","Sometimes","Never","Very frequently","Sometimes",7,2,3,1,"Improve"
"111",22,"Spotify",10,"No","Yes","Yes","EDM","No","Yes",128,"Sometimes","Sometimes","Very frequently","Very frequently","Never","Never","Rarely","Never","Never","Never","Rarely","Never","Rarely","Never","Sometimes","Sometimes",4,7,7,3,"Improve"
"112",18,"Spotify",4,"Yes","Yes","Yes","Pop","Yes","Yes",130,"Sometimes","Rarely","Sometimes","Rarely","Never","Rarely","Sometimes","Sometimes","Sometimes","Sometimes","Very frequently","Very frequently","Rarely","Rarely","Very frequently","Very frequently",4,5,6,5,"Improve"
"113",13,"Spotify",2,"Yes","Yes","Yes","Rock","Yes","No",120,"Rarely","Never","Sometimes","Very frequently","Rarely","Sometimes","Never","Never","Never","Sometimes","Sometimes","Very frequently","Rarely","Very frequently","Very frequently","Very frequently",7,10,5,6,"Worsen"
"114",24,"Spotify",1,"No","No","No","Metal","Yes","No",86,"Sometimes","Never","Rarely","Rarely","Never","Rarely","Never","Never","Never","Never","Very frequently","Sometimes","Sometimes","Sometimes","Very frequently","Rarely",6,4,5,0,"Improve"
"115",35,"Spotify",6,"Yes","No","No","Rock","Yes","Yes",166,"Sometimes","Rarely","Sometimes","Very frequently","Never","Rarely","Sometimes","Rarely","Rarely","Sometimes","Sometimes","Sometimes","Rarely","Rarely","Very frequently","Sometimes",4,1,3,1,"No effect"
"116",29,"YouTube Music",1,"Yes","Yes","No","Video game music","Yes","No",110,"Sometimes","Never","Never","Rarely","Sometimes","Never","Rarely","Never","Never","Never","Never","Sometimes","Rarely","Never","Sometimes","Sometimes",6,6,1,2,"Improve"
"117",28,"Spotify",6,"Yes","No","No","Rock","No","No",144,"Sometimes","Rarely","Never","Sometimes","Never","Rarely","Rarely","Never","Rarely","Rarely","Sometimes","Sometimes","Sometimes","Rarely","Very frequently","Very frequently",10,8,7,1,"Improve"
"118",32,"Spotify",7,"Yes","No","No","Pop","Yes","Yes",120,"Sometimes","Never","Rarely","Never","Never","Sometimes","Rarely","Never","Never","Rarely","Rarely","Very frequently","Very frequently","Very frequently","Very frequently","Very frequently",10,8,2,8,"Improve"
"119",32,"Other streaming service",1,"No","No","No","EDM","Yes","No",120,"Rarely","Never","Very frequently","Rarely","Rarely","Sometimes","Rarely","Never","Rarely","Rarely","Never","Sometimes","Rarely","Rarely","Rarely","Never",3,6,2,0,"No effect"
"120",21,"Spotify",3,"Yes","Yes","No","Rock","Yes","No",160,"Never","Never","Never","Very frequently","Never","Sometimes","Never","Never","Never","Sometimes","Very frequently","Rarely","Never","Rarely","Very frequently","Sometimes",8,9,2,0,"Improve"
"121",18,"Spotify",2,"Yes","Yes","No","Video game music","No","Yes",101,"Never","Never","Sometimes","Never","Never","Rarely","Never","Never","Never","Rarely","Never","Rarely","Never","Never","Sometimes","Very frequently",8,3,8,7,"Improve"
"122",19,"Spotify",3,"Yes","Yes","No","Classical","Yes","No",122,"Very frequently","Rarely","Never","Never","Never","Never","Never","Rarely","Never","Sometimes","Never","Very frequently","Never","Never","Rarely","Sometimes",3,3,1,2,"Improve"
"123",25,"Spotify",1.5,"Yes","No","No","Pop","No","No",61,"Sometimes","Rarely","Rarely","Sometimes","Never","Rarely","Never","Never","Never","Rarely","Rarely","Very frequently","Very frequently","Rarely","Very frequently","Never",6,5,0,2,"Improve"
"124",17,"Spotify",4,"Yes","No","No","Lofi","Yes","Yes",79,"Very frequently","Never","Never","Never","Sometimes","Sometimes","Rarely","Sometimes","Never","Very frequently","Never","Very frequently","Sometimes","Sometimes","Rarely","Very frequently",3,8,0,0,"Improve"
"125",16,"Spotify",2,"Yes","No","No","Rap","Yes","Yes",126,"Very frequently","Never","Never","Never","Never","Very frequently","Never","Sometimes","Never","Rarely","Never","Very frequently","Very frequently","Very frequently","Never","Sometimes",1,8,0,0,"No effect"
"126",27,"Spotify",10,"Yes","No","No","Metal","Yes","Yes",185,"Sometimes","Never","Sometimes","Never","Never","Sometimes","Rarely","Never","Never","Rarely","Very frequently","Very frequently","Rarely","Sometimes","Very frequently","Rarely",5,6,6,3,"Improve"
"127",53,"Spotify",7,"Yes","No","No","Pop","Yes","Yes",92,"Very frequently","Sometimes","Very frequently","Rarely","Rarely","Sometimes","Sometimes","Rarely","Sometimes","Rarely","Rarely","Very frequently","Very frequently","Rarely","Very frequently","Rarely",0,0,0,0,"Improve"
"128",25,"Spotify",1,"Yes","No","No","EDM","No","No",107,"Never","Never","Very frequently","Never","Never","Rarely","Never","Rarely","Never","Rarely","Never","Never","Never","Never","Rarely","Rarely",0,8,0,0,"Improve"
"129",34,"Spotify",2,"No","No","No","Metal","No","No",120,"Never","Never","Rarely","Never","Never","Never","Never","Never","Never","Never","Very frequently","Rarely","Never","Never","Sometimes","Never",3,7,0,0,"Improve"
"130",22,"Other streaming service",6,"Yes","Yes","Yes","Jazz","Yes","Yes",140,"Sometimes","Rarely","Very frequently","Very frequently","Rarely","Very frequently","Very frequently","Rarely","Sometimes","Sometimes","Sometimes","Very frequently","Very frequently","Very frequently","Sometimes","Sometimes",8,8,8,5,"Improve"
"131",17,"Spotify",2,"Yes","Yes","Yes","Jazz","Yes","No",94,"Sometimes","Never","Never","Never","Never","Rarely","Sometimes","Never","Never","Rarely","Sometimes","Very frequently","Never","Rarely","Very frequently","Rarely",5,2,3,4,"Improve"
"132",26,"Spotify",3,"Yes","Yes","No","Folk","Yes","No",160,"Rarely","Rarely","Never","Very frequently","Rarely","Rarely","Sometimes","Never","Never","Rarely","Rarely","Sometimes","Sometimes","Rarely","Sometimes","Sometimes",8,8,3,0,"Improve"
"133",19,"Spotify",8,"Yes","No","No","EDM","Yes","No",174,"Never","Never","Very frequently","Never","Never","Sometimes","Never","Rarely","Never","Never","Rarely","Sometimes","Sometimes","Sometimes","Sometimes","Never",6,8,8,0,"Improve"
"134",21,"Spotify",3,"Yes","No","No","Pop","Yes","Yes",136,"Rarely","Very frequently","Sometimes","Rarely","Never","Very frequently","Rarely","Never","Very frequently","Sometimes","Rarely","Very frequently","Very frequently","Very frequently","Sometimes","Sometimes",6,8,6,0,"Worsen"
"135",32,"Spotify",3,"Yes","Yes","Yes","Rock","Yes","Yes",144,"Rarely","Rarely","Sometimes","Very frequently","Never","Sometimes","Rarely","Never","Sometimes","Very frequently","Rarely","Sometimes","Very frequently","Rarely","Very frequently","Rarely",6,6,7,5,"Improve"
"136",21,"I do not use a streaming service.",3,"Yes","No","No","Rock","No","No",77,"Never","Never","Never","Sometimes","Sometimes","Sometimes","Sometimes","Never","Rarely","Never","Rarely","Rarely","Rarely","Sometimes","Very frequently","Very frequently",9,10,3,0,"No effect"
"137",25,"Spotify",2,"No","Yes","No","Pop","No","No",120,"Rarely","Never","Never","Rarely","Never","Sometimes","Never","Never","Sometimes","Never","Never","Very frequently","Sometimes","Very frequently","Very frequently","Rarely",7,7,5,0,"Improve"
"138",28,"I do not use a streaming service.",4,"Yes","No","No","Rock","Yes","Yes",194,"Rarely","Sometimes","Rarely","Rarely","Never","Sometimes","Sometimes","Rarely","Never","Never","Sometimes","Sometimes","Rarely","Rarely","Very frequently","Sometimes",6,8,1,6,"Improve"
"139",41,"YouTube Music",4,"Yes","No","No","Pop","Yes","No",60,"Rarely","Never","Sometimes","Very frequently","Never","Very frequently","Sometimes","Rarely","Rarely","Sometimes","Rarely","Very frequently","Very frequently","Sometimes","Very frequently","Rarely",7,2,0,7,"Improve"
"140",18,"Spotify",1,"Yes","Yes","No","Metal","Yes","Yes",190,"Rarely","Never","Rarely","Never","Never","Sometimes","Never","Never","Never","Never","Very frequently","Rarely","Never","Sometimes","Very frequently","Sometimes",6,9,9,0,"Improve"
"141",22,"Spotify",2,"No","No","No","R&B","No","Yes",87,"Sometimes","Never","Never","Never","Never","Rarely","Never","Very frequently","Very frequently","Sometimes","Never","Sometimes","Very frequently","Rarely","Rarely","Sometimes",1,1,4,1,"No effect"
"142",49,"Other streaming service",1,"Yes","No","No","EDM","Yes","No",156,"Sometimes","Never","Very frequently","Sometimes","Never","Sometimes","Rarely","Rarely","Rarely","Sometimes","Sometimes","Sometimes","Rarely","Rarely","Very frequently","Sometimes",8,8,2,0,"Improve"
"143",21,"Spotify",3,"Yes","Yes","Yes","Metal","Yes","No",150,"Sometimes","Rarely","Rarely","Sometimes","Never","Rarely","Rarely","Rarely","Never","Sometimes","Very frequently","Very frequently","Rarely","Sometimes","Very frequently","Sometimes",3,3,7,0,"No effect"
"144",27,"Spotify",10,"Yes","No","No","Metal","Yes","Yes",194,"Never","Rarely","Sometimes","Sometimes","Never","Sometimes","Rarely","Rarely","Rarely","Sometimes","Very frequently","Very frequently","Sometimes","Sometimes","Very frequently","Sometimes",8,8,3,0,"Improve"
"145",19,"Spotify",1,"No","No","Yes","Metal","Yes","Yes",160,"Never","Never","Never","Never","Never","Rarely","Never","Never","Never","Sometimes","Very frequently","Sometimes","Rarely","Rarely","Very frequently","Never",6,4,0,3,"No effect"
"146",27,"Spotify",3,"Yes","No","No","Metal","Yes","Yes",171,"Sometimes","Never","Never","Rarely","Never","Sometimes","Rarely","Never","Never","Rarely","Very frequently","Never","Rarely","Sometimes","Sometimes","Rarely",1,0,0,0,"Improve"
"147",27,"Spotify",1.5,"Yes","No","No","Rock","No","No",95,"Never","Never","Never","Rarely","Never","Sometimes","Never","Rarely","Never","Rarely","Very frequently","Sometimes","Never","Sometimes","Very frequently","Sometimes",5,5,4,4,"Improve"
"148",42,"YouTube Music",2.5,"Yes","Yes","No","Rock","No","Yes",148,"Sometimes","Rarely","Very frequently","Rarely","Never","Sometimes","Very frequently","Never","Rarely","Rarely","Sometimes","Rarely","Rarely","Rarely","Sometimes","Rarely",8,8,7,6,"Improve"
"149",60,"Pandora",2,"Yes","No","No","Gospel","No","No",119,"Rarely","Sometimes","Never","Rarely","Very frequently","Never","Never","Never","Rarely","Never","Never","Sometimes","Rarely","Never","Sometimes","Never",3,0,2,0,"Improve"
"150",19,"YouTube Music",5,"Yes","No","No","Metal","No","Yes",136,"Sometimes","Rarely","Rarely","Sometimes","Sometimes","Sometimes","Rarely","Never","Never","Very frequently","Very frequently","Never","Never","Sometimes","Very frequently","Sometimes",0,5,1,0,"No effect"
"151",20,"Apple Music",2,"Yes","No","No","Pop","Yes","No",141,"Rarely","Never","Never","Rarely","Never","Sometimes","Rarely","Never","Never","Sometimes","Never","Very frequently","Sometimes","Rarely","Sometimes","Rarely",6,3,0,0,"Improve"
"152",28,"Spotify",2,"No","No","Yes","Metal","No","No",146,"Rarely","Never","Never","Rarely","Never","Rarely","Never","Never","Never","Never","Very frequently","Rarely","Never","Never","Sometimes","Rarely",1,7,5,1,"Improve"
"153",18,"Spotify",2,"Yes","No","No","R&B","No","Yes",164,"Sometimes","Never","Never","Never","Never","Rarely","Never","Never","Never","Rarely","Never","Very frequently","Very frequently","Rarely","Never","Never",5,6,0,1,"No effect"
"154",21,"Spotify",5,"Yes","Yes","Yes","Folk","Yes","Yes",128,"Sometimes","Rarely","Never","Very frequently","Rarely","Rarely","Sometimes","Never","Rarely","Sometimes","Rarely","Very frequently","Sometimes","Rarely","Very frequently","Rarely",9,4,0,3,"Improve"
"155",21,"I do not use a streaming service.",2,"Yes","No","No","Rock","No","Yes",101,"Rarely","Sometimes","Rarely","Sometimes","Never","Very frequently","Rarely","Never","Very frequently","Very frequently","Very frequently","Very frequently","Very frequently","Very frequently","Very frequently","Rarely",8,8,3,0,"Improve"
"156",18,"Spotify",2,"Yes","Yes","No","K pop","Yes","Yes",98,"Very frequently","Never","Never","Rarely","Rarely","Sometimes","Sometimes","Very frequently","Rarely","Very frequently","Never","Sometimes","Very frequently","Sometimes","Never","Rarely",7,2,3,5,"Improve"
"157",16,"Apple Music",2,"No","No","No","Pop","Yes","No",145,"Never","Sometimes","Rarely","Sometimes","Rarely","Rarely","Never","Rarely","Never","Sometimes","Never","Very frequently","Rarely","Rarely","Very frequently","Rarely",10,3.5,5,10,"Improve"
"158",19,"Spotify",1,"Yes","No","No","Pop","Yes","Yes",94,"Rarely","Sometimes","Rarely","Rarely","Never","Sometimes","Rarely","Never","Never","Rarely","Rarely","Very frequently","Sometimes","Sometimes","Very frequently","Never",7,5,1,2,"Improve"
"159",31,"Spotify",4,"Yes","Yes","No","Classical","No","Yes",103,"Very frequently","Never","Rarely","Never","Rarely","Sometimes","Rarely","Never","Sometimes","Never","Sometimes","Rarely","Never","Sometimes","Sometimes","Never",6,8,9,5,"Improve"
"160",16,"Spotify",2,"Yes","Yes","Yes","Rock","No","No",112,"Rarely","Never","Very frequently","Rarely","Never","Never","Never","Never","Never","Rarely","Rarely","Sometimes","Rarely","Never","Very frequently","Very frequently",7,4,10,2,"Improve"
"161",17,"Spotify",2,"Yes","No","No","R&B","Yes","Yes",118,"Rarely","Rarely","Never","Never","Sometimes","Sometimes","Rarely","Very frequently","Never","Rarely","Never","Sometimes","Very frequently","Sometimes","Never","Rarely",6,1,0,0,"Improve"
"162",20,"Apple Music",4,"Yes","No","No","R&B","Yes","Yes",113,"Sometimes","Rarely","Never","Rarely","Never","Sometimes","Sometimes","Rarely","Never","Rarely","Never","Sometimes","Very frequently","Very frequently","Very frequently","Rarely",9,10,3,0,"Improve"
"163",30,"Spotify",1,"No","Yes","No","Rock","Yes","No",162,"Sometimes","Sometimes","Rarely","Sometimes","Never","Rarely","Never","Never","Never","Never","Sometimes","Sometimes","Never","Rarely","Very frequently","Never",8,5,8,9,"Improve"
"164",19,"Spotify",5,"Yes","No","No","Rock","Yes","Yes",111,"Sometimes","Rarely","Never","Sometimes","Rarely","Rarely","Sometimes","Rarely","Rarely","Rarely","Very frequently","Sometimes","Rarely","Rarely","Very frequently","Sometimes",9,9,9,3,"No effect"
"165",33,"Spotify",7,"Yes","No","No","Rock","Yes","Yes",134,"Rarely","Sometimes","Sometimes","Sometimes","Rarely","Very frequently","Rarely","Rarely","Sometimes","Sometimes","Sometimes","Very frequently","Very frequently","Very frequently","Very frequently","Sometimes",9,3,7,8,"Improve"
"166",28,"YouTube Music",2,"Yes","No","No","Rock","Yes","No",172,"Never","Rarely","Rarely","Rarely","Never","Sometimes","Never","Rarely","Never","Sometimes","Rarely","Sometimes","Very frequently","Rarely","Very frequently","Rarely",10,8,6,2,"Improve"
"167",25,"Spotify",3,"Yes","No","No","Rock","Yes","Yes",180,"Rarely","Never","Sometimes","Sometimes","Never","Rarely","Never","Rarely","Never","Sometimes","Very frequently","Sometimes","Rarely","Rarely","Very frequently","Sometimes",9,6,3,0,"Improve"
"168",22,"YouTube Music",2,"Yes","No","No","Pop","No","No",120,"Rarely","Never","Rarely","Rarely","Rarely","Rarely","Rarely","Never","Never","Rarely","Never","Very frequently","Rarely","Rarely","Sometimes","Sometimes",7,7,8,3,"Improve"
"169",19,"Spotify",3,"Yes","No","Yes","Rock","Yes","Yes",76,"Sometimes","Never","Sometimes","Sometimes","Never","Never","Never","Never","Never","Rarely","Rarely","Rarely","Rarely","Never","Very frequently","Rarely",9,10,4,0,"Improve"
"170",44,"Other streaming service",3,"Yes","No","No","Folk","Yes","Yes",130,"Rarely","Rarely","Rarely","Very frequently","Rarely","Sometimes","Rarely","Never","Rarely","Sometimes","Never","Rarely","Sometimes","Sometimes","Rarely","Sometimes",9,9,8,2,"Improve"
"171",26,"Spotify",5,"Yes","Yes","Yes","Metal","Yes","Yes",109,"Sometimes","Rarely","Very frequently","Rarely","Rarely","Rarely","Sometimes","Sometimes","Never","Rarely","Very frequently","Sometimes","Sometimes","Rarely","Sometimes","Sometimes",10,9,8,8,"Improve"
"172",23,"I do not use a streaming service.",6,"Yes","No","Yes","Classical","No","Yes",96,"Very frequently","Never","Never","Rarely","Never","Never","Never","Never","Rarely","Never","Never","Rarely","Never","Never","Never","Rarely",6,5,6,8,"Improve"
"173",17,"Spotify",2,"No","No","No","R&B","No","Yes",148,"Sometimes","Never","Rarely","Never","Never","Very frequently","Rarely","Rarely","Never","Rarely","Never","Sometimes","Very frequently","Sometimes","Never","Rarely",8,6,10,3,"Improve"
"174",30,"Spotify",1,"No","Yes","No","Rock","Yes","No",129,"Rarely","Never","Rarely","Rarely","Never","Rarely","Rarely","Never","Rarely","Rarely","Rarely","Very frequently","Rarely","Rarely","Very frequently","Rarely",4,2,1,3,"Improve"
"175",35,"Spotify",1,"Yes","No","No","Pop","Yes","Yes",81,"Sometimes","Rarely","Sometimes","Rarely","Never","Sometimes","Rarely","Rarely","Never","Never","Never","Very frequently","Rarely","Rarely","Sometimes","Rarely",2,1,1,1,"No effect"
"176",20,"Spotify",3,"No","No","No","Rock","Yes","No",136,"Never","Very frequently","Never","Never","Never","Never","Never","Never","Never","Never","Very frequently","Very frequently","Never","Sometimes","Very frequently","Rarely",10,10,7,3,"Improve"
"177",18,"Spotify",3,"Yes","No","No","Rap","Yes","Yes",155,"Rarely","Never","Never","Sometimes","Never","Very frequently","Sometimes","Never","Sometimes","Sometimes","Never","Very frequently","Rarely","Very frequently","Very frequently","Very frequently",8,9,0,0,"Improve"
"178",19,"Spotify",6,"Yes","No","No","Rock","Yes","Yes",52,"Never","Never","Rarely","Very frequently","Never","Rarely","Rarely","Never","Very frequently","Rarely","Sometimes","Very frequently","Rarely","Sometimes","Very frequently","Rarely",4,2,0,0,"Improve"
"179",37,"Spotify",4,"Yes","No","No","Rock","Yes","No",97,"Rarely","Sometimes","Sometimes","Sometimes","Never","Very frequently","Rarely","Never","Never","Sometimes","Sometimes","Sometimes","Very frequently","Very frequently","Very frequently","Never",9,2,7,7,"Improve"
"180",31,"Spotify",2,"Yes","No","No","Metal","Yes","Yes",92,"Sometimes","Rarely","Rarely","Sometimes","Never","Sometimes","Rarely","Rarely","Sometimes","Very frequently","Very frequently","Sometimes","Sometimes","Sometimes","Very frequently","Very frequently",8,6,7,5,"Improve"
"181",29,"Spotify",2,"Yes","Yes","No","Folk","Yes","Yes",100,"Never","Sometimes","Rarely","Very frequently","Sometimes","Rarely","Rarely","Rarely","Rarely","Rarely","Sometimes","Rarely","Very frequently","Rarely","Very frequently","Rarely",6,5,4,2,"Improve"
"182",20,"Spotify",3,"Yes","No","No","Rock","Yes","Yes",120,"Sometimes","Rarely","Rarely","Very frequently","Never","Rarely","Sometimes","Never","Never","Sometimes","Sometimes","Very frequently","Rarely","Rarely","Very frequently","Sometimes",8,5,2,3,"Improve"
"183",36,"I do not use a streaming service.",8,"Yes","Yes","Yes","Video game music","No","Yes",143,"Sometimes","Rarely","Sometimes","Rarely","Never","Rarely","Rarely","Never","Never","Never","Very frequently","Rarely","Never","Rarely","Sometimes","Very frequently",7,6,6,1,"No effect"
"184",18,"Spotify",3,"Yes","Yes","No","Rock","Yes","No",118,"Sometimes","Never","Never","Rarely","Never","Never","Sometimes","Never","Never","Rarely","Rarely","Sometimes","Never","Never","Very frequently","Rarely",10,2,0,0,"Improve"
"185",18,"Spotify",2,"Yes","No","No","K pop","Yes","Yes",130,"Rarely","Never","Sometimes","Never","Never","Never","Never","Very frequently","Never","Never","Rarely","Sometimes","Never","Never","Rarely","Never",6,0,0,0,"Improve"
"186",25,"Spotify",7,"Yes","No","No","Pop","No","Yes",120,"Never","Sometimes","Very frequently","Rarely","Rarely","Sometimes","Never","Very frequently","Rarely","Rarely","Rarely","Very frequently","Sometimes","Sometimes","Rarely","Sometimes",2,0,1,0,"Improve"
"187",31,"YouTube Music",9,"Yes","No","No","Pop","Yes","Yes",158,"Rarely","Rarely","Rarely","Sometimes","Never","Never","Rarely","Rarely","Rarely","Very frequently","Sometimes","Very frequently","Never","Rarely","Sometimes","Sometimes",9,0,2,0,"Improve"
"188",17,"Spotify",2,"Yes","No","No","Pop","Yes","Yes",160,"Rarely","Rarely","Rarely","Rarely","Rarely","Sometimes","Sometimes","Sometimes","Never","Never","Rarely","Very frequently","Rarely","Sometimes","Sometimes","Never",5,4,1,1,"Improve"
"189",30,"Other streaming service",1,"No","No","No","Country","No","No",119,"Never","Very frequently","Never","Never","Never","Sometimes","Never","Never","Never","Never","Never","Very frequently","Rarely","Sometimes","Sometimes","Rarely",8,10,2,0,"Improve"
"190",40,"Apple Music",2,"Yes","No","No","Metal","Yes","Yes",120,"Sometimes","Never","Sometimes","Rarely","Never","Rarely","Rarely","Never","Never","Rarely","Very frequently","Rarely","Rarely","Rarely","Very frequently","Never",3,6,2,1,"No effect"
"191",64,"I do not use a streaming service.",4,"Yes","No","No","Rock","No","No",200,"Sometimes","Rarely","Sometimes","Rarely","Never","Rarely","Sometimes","Rarely","Rarely","Never","Rarely","Sometimes","Rarely","Rarely","Sometimes","Rarely",4,4,2,1,"Improve"
"192",14,"Spotify",2,"Yes","Yes","No","Rock","Yes","Yes",136,"Rarely","Never","Never","Sometimes","Never","Sometimes","Rarely","Never","Never","Never","Sometimes","Very frequently","Rarely","Sometimes","Very frequently","Rarely",7,5,2,6,"Improve"
"193",26,"YouTube Music",6,"Yes","No","No","Rock","Yes","No",104,"Sometimes","Never","Never","Rarely","Never","Rarely","Sometimes","Never","Never","Never","Rarely","Sometimes","Never","Rarely","Very frequently","Never",3,2,0,0,"No effect"
"194",35,"Spotify",4,"Yes","Yes","Yes","Country","Yes","Yes",90,"Rarely","Very frequently","Rarely","Sometimes","Rarely","Very frequently","Sometimes","Rarely","Sometimes","Sometimes","Sometimes","Sometimes","Rarely","Sometimes","Very frequently","Never",9,9,5,1,"Improve"
"195",33,"Other streaming service",1,"No","No","No","Rock","No","No",120,"Never","Never","Never","Never","Never","Sometimes","Never","Never","Rarely","Never","Never","Sometimes","Rarely","Rarely","Very frequently","Never",3,10,4,1,"No effect"
"196",30,"Spotify",6,"Yes","No","No","Folk","Yes","Yes",89,"Sometimes","Rarely","Never","Very frequently","Rarely","Never","Rarely","Never","Never","Sometimes","Sometimes","Rarely","Never","Never","Very frequently","Never",9,0,5,0,"No effect"
"197",27,"Spotify",5,"Yes","No","Yes","Folk","Yes","Yes",140,"Rarely","Never","Sometimes","Very frequently","Sometimes","Rarely","Rarely","Sometimes","Sometimes","Very frequently","Sometimes","Very frequently","Sometimes","Never","Very frequently","Very frequently",0,9,4,0,"Improve"
"198",53,"I do not use a streaming service.",1.5,"No","No","No","Pop","Yes","Yes",92,"Rarely","Never","Very frequently","Sometimes","Never","Sometimes","Never","Rarely","Sometimes","Never","Never","Very frequently","Rarely","Sometimes","Sometimes","Never",2,2,2,1,"No effect"
"199",23,"Spotify",5,"Yes","Yes","Yes","Metal","Yes","Yes",120,"Sometimes","Rarely","Never","Rarely","Never","Never","Rarely","Never","Never","Never","Very frequently","Rarely","Never","Never","Very frequently","Never",6,9,2,1,"Improve"
"200",25,"Spotify",2,"Yes","No","Yes","EDM","Yes","No",128,"Rarely","Rarely","Very frequently","Rarely","Never","Sometimes","Sometimes","Sometimes","Never","Rarely","Very frequently","Very frequently","Rarely","Sometimes","Very frequently","Rarely",6,4,1,0,"Improve"
"201",16,"Apple Music",4,"Yes","Yes","No","K pop","Yes","Yes",140,"Very frequently","Rarely","Rarely","Sometimes","Rarely","Very frequently","Sometimes","Very frequently","Sometimes","Very frequently","Very frequently","Very frequently","Sometimes","Rarely","Sometimes","Rarely",8,9,4,0,"Improve"
"202",31,"YouTube Music",6,"Yes","No","No","EDM","Yes","Yes",136,"Rarely","Rarely","Very frequently","Rarely","Never","Sometimes","Never","Never","Never","Rarely","Rarely","Sometimes","Sometimes","Sometimes","Sometimes","Sometimes",8,6,5,6,"No effect"
"203",31,"Spotify",1,"No","No","No","Rock","No","Yes",132,"Sometimes","Rarely","Never","Never","Never","Rarely","Never","Never","Sometimes","Never","Sometimes","Rarely","Rarely","Rarely","Very frequently","Sometimes",3,10,0,0,"Worsen"
"204",38,"Spotify",6,"Yes","Yes","No","Pop","Yes","Yes",107,"Very frequently","Sometimes","Sometimes","Sometimes","Sometimes","Very frequently","Very frequently","Rarely","Sometimes","Sometimes","Rarely","Very frequently","Very frequently","Very frequently","Sometimes","Never",9,4,9,7,"Improve"
"205",17,"Spotify",4,"No","Yes","No","Classical","Yes","Yes",135,"Very frequently","Never","Never","Never","Never","Very frequently","Very frequently","Rarely","Very frequently","Sometimes","Sometimes","Rarely","Sometimes","Rarely","Never","Rarely",7,9,2,8,"Worsen"
"206",25,"Apple Music",2,"No","No","No","EDM","No","Yes",171,"Never","Sometimes","Very frequently","Rarely","Never","Never","Never","Never","Never","Never","Rarely","Sometimes","Never","Never","Very frequently","Rarely",10,3,1,4,"Improve"
"207",20,"Spotify",2,"No","Yes","Yes","Metal","No","Yes",220,"Rarely","Never","Never","Never","Never","Never","Rarely","Never","Never","Never","Very frequently","Never","Never","Rarely","Sometimes","Rarely",0,0,0,1,"No effect"
"208",15,"Spotify",2,"Yes","No","No","EDM","No","No",171,"Never","Never","Very frequently","Never","Never","Sometimes","Never","Never","Never","Never","Never","Rarely","Rarely","Sometimes","Never","Rarely",9,6,1,7,"No effect"
"209",16,"Spotify",4,"Yes","No","Yes","Lofi","Yes","No",85,"Rarely","Rarely","Very frequently","Rarely","Never","Rarely","Rarely","Never","Never","Very frequently","Rarely","Sometimes","Never","Rarely","Rarely","Very frequently",7,1,3,5,"Improve"
"210",20,"Spotify",2,"Yes","Yes","No","EDM","No","Yes",174,"Sometimes","Never","Very frequently","Never","Never","Sometimes","Never","Sometimes","Never","Never","Never","Sometimes","Never","Never","Sometimes","Sometimes",9,7,5,7,"Improve"
"211",23,"Other streaming service",6,"Yes","No","No","Rap","Yes","Yes",87,"Never","Never","Sometimes","Sometimes","Never","Rarely","Never","Sometimes","Sometimes","Never","Never","Very frequently","Very frequently","Sometimes","Rarely","Never",3,1,2,7,"Improve"
"212",22,"Spotify",3,"Yes","No","No","Hip hop","Yes","Yes",77,"Rarely","Never","Sometimes","Rarely","Never","Very frequently","Rarely","Never","Sometimes","Rarely","Sometimes","Very frequently","Sometimes","Very frequently","Sometimes","Rarely",6,6,8,0,"Improve"
"213",15,"I do not use a streaming service.",5,"Yes","No","No","Rock","Yes","Yes",126,"Rarely","Never","Very frequently","Rarely","Never","Never","Never","Never","Never","Sometimes","Rarely","Very frequently","Never","Never","Very frequently","Sometimes",10,6,0,4,"Improve"
"214",17,"I do not use a streaming service.",0.5,"Yes","Yes","No","Video game music","No","Yes",136,"Rarely","Sometimes","Sometimes","Never","Never","Never","Rarely","Never","Never","Never","Rarely","Sometimes","Rarely","Rarely","Sometimes","Very frequently",6,3,1,1,"Improve"
"215",22,"YouTube Music",1,"Yes","No","No","Video game music","Yes","Yes",80,"Rarely","Never","Rarely","Sometimes","Never","Rarely","Never","Never","Never","Sometimes","Never","Rarely","Never","Never","Rarely","Very frequently",3,3,0,7,"No effect"
"216",21,"Spotify",10,"Yes","No","No","Metal","Yes","Yes",92,"Never","Rarely","Rarely","Never","Never","Very frequently","Never","Rarely","Never","Never","Very frequently","Sometimes","Sometimes","Very frequently","Very frequently","Sometimes",9,10,2,2,"No effect"
"217",19,"Spotify",2,"Yes","No","No","Pop","No","Yes",120,"Rarely","Never","Sometimes","Rarely","Never","Rarely","Sometimes","Sometimes","Sometimes","Sometimes","Never","Very frequently","Very frequently","Sometimes","Very frequently","Very frequently",7,5,0,2,"No effect"
"218",34,"YouTube Music",1,"No","No","No","Rock","No","Yes",138,"Rarely","Never","Never","Sometimes","Never","Rarely","Never","Never","Rarely","Never","Never","Rarely","Never","Sometimes","Very frequently","Never",9,9,6,4,"Improve"
"219",18,"I do not use a streaming service.",2,"Yes","Yes","No","Metal","Yes","Yes",150,"Sometimes","Never","Rarely","Never","Never","Never","Never","Never","Never","Never","Very frequently","Rarely","Never","Rarely","Very frequently","Sometimes",5,7,7,2,"Improve"
"220",21,"Spotify",3,"Yes","No","No","Country","Yes","No",108,"Rarely","Very frequently","Never","Sometimes","Rarely","Rarely","Never","Never","Never","Never","Rarely","Sometimes","Never","Never","Very frequently","Sometimes",0,8,0,5,"Improve"
"221",20,"Spotify",3,"No","No","No","Country","Yes","Yes",119,"Rarely","Very frequently","Rarely","Sometimes","Never","Sometimes","Rarely","Sometimes","Never","Never","Never","Very frequently","Very frequently","Rarely","Sometimes","Never",8,4,3,4,"Improve"
"222",19,"Spotify",2,"Yes","No","No","Country","Yes","No",125,"Rarely","Very frequently","Rarely","Sometimes","Rarely","Never","Never","Never","Rarely","Rarely","Sometimes","Rarely","Never","Never","Sometimes","Never",7,2,0,7,"No effect"
"223",21,"Spotify",1,"Yes","Yes","No","Pop","Yes","Yes",85,"Very frequently","Rarely","Rarely","Sometimes","Never","Rarely","Never","Sometimes","Never","Rarely","Very frequently","Very frequently","Sometimes","Very frequently","Sometimes","Very frequently",5,1,0,0,"Improve"
"224",31,"YouTube Music",1,"No","No","Yes","Folk","Yes","Yes",113,"Very frequently","Never","Never","Sometimes","Never","Rarely","Never","Never","Rarely","Never","Never","Never","Never","Never","Sometimes","Never",4,1,3,0,"Improve"
"225",20,"YouTube Music",1,"No","No","No","Pop","Yes","No",86,"Rarely","Never","Never","Rarely","Never","Never","Never","Never","Never","Rarely","Rarely","Very frequently","Never","Never","Sometimes","Never",3,5,3,0,"Improve"
"226",19,"Spotify",5,"Yes","Yes","No","Rock","Yes","No",141,"Sometimes","Rarely","Never","Never","Never","Rarely","Sometimes","Never","Never","Never","Very frequently","Sometimes","Sometimes","Rarely","Very frequently","Never",2,2,0,6,"Improve"
"227",19,"Other streaming service",5,"Yes","No","No","EDM","Yes","Yes",97,"Rarely","Never","Very frequently","Sometimes","Never","Sometimes","Rarely","Never","Sometimes","Very frequently","Very frequently","Rarely","Never","Very frequently","Sometimes","Rarely",0,1,3,5,"Improve"
"228",24,"I do not use a streaming service.",8,"Yes","No","Yes","Video game music","Yes","No",120,"Sometimes","Rarely","Very frequently","Rarely","Rarely","Very frequently","Very frequently","Rarely","Rarely","Very frequently","Very frequently","Rarely","Rarely","Sometimes","Very frequently","Very frequently",6,4,8,8,"Improve"
"229",20,"Other streaming service",0.7,"No","No","No","Rock","No","No",144,"Rarely","Never","Never","Never","Never","Never","Never","Never","Never","Sometimes","Rarely","Very frequently","Rarely","Never","Very frequently","Rarely",5,6,8,2,"Improve"
"230",15,"Spotify",3,"No","No","No","Video game music","No","No",84,"Rarely","Rarely","Sometimes","Rarely","Rarely","Sometimes","Rarely","Never","Never","Very frequently","Rarely","Very frequently","Never","Never","Very frequently","Very frequently",6,6,2,6,"No effect"
"231",17,"Spotify",7,"Yes","No","No","Hip hop","No","Yes",84,"Never","Never","Rarely","Never","Rarely","Very frequently","Never","Never","Never","Rarely","Rarely","Rarely","Rarely","Very frequently","Rarely","Rarely",8,9,3,4,"Improve"
"232",20,"I do not use a streaming service.",1.5,"No","Yes","Yes","Video game music","No","Yes",60,"Very frequently","Never","Never","Rarely","Rarely","Never","Never","Never","Sometimes","Never","Never","Never","Never","Never","Never","Very frequently",8,4,3,3,"Worsen"
"233",14,"Spotify",4,"Yes","Yes","Yes","Video game music","Yes","Yes",81,"Sometimes","Never","Sometimes","Rarely","Never","Rarely","Sometimes","Sometimes","Never","Very frequently","Never","Sometimes","Rarely","Rarely","Never","Very frequently",8,6,5,7,"Improve"
"234",24,"Spotify",4,"Yes","No","No","Metal","Yes","Yes",150,"Sometimes","Rarely","Never","Rarely","Rarely","Rarely","Never","Never","Never","Never","Very frequently","Sometimes","Rarely","Rarely","Very frequently","Never",8,8,7,7,"Improve"
"235",14,"Other streaming service",10,"Yes","No","Yes","Video game music","No","No",95,"Rarely","Never","Sometimes","Never","Never","Sometimes","Rarely","Never","Never","Very frequently","Sometimes","Never","Never","Sometimes","Rarely","Very frequently",5,2,5,0,"Improve"
"236",23,"Spotify",2,"Yes","Yes","Yes","Rock","Yes","No",138,"Very frequently","Never","Rarely","Rarely","Never","Sometimes","Sometimes","Never","Rarely","Rarely","Rarely","Sometimes","Sometimes","Sometimes","Very frequently","Sometimes",6,8,4,2,"No effect"
"237",22,"Spotify",6,"Yes","No","No","Jazz","Yes","Yes",140,"Sometimes","Rarely","Very frequently","Rarely","Rarely","Rarely","Very frequently","Sometimes","Never","Sometimes","Sometimes","Sometimes","Sometimes","Rarely","Very frequently","Sometimes",8,8,7,1,"Improve"
"238",25,"Spotify",0.5,"Yes","Yes","No","Rock","Yes","Yes",139,"Rarely","Never","Very frequently","Never","Never","Rarely","Never","Rarely","Never","Never","Rarely","Sometimes","Rarely","Rarely","Very frequently","Sometimes",10,2,0,0,"Improve"
"239",27,"Spotify",2,"Yes","Yes","Yes","Pop","Yes","Yes",100,"Sometimes","Rarely","Very frequently","Never","Never","Sometimes","Very frequently","Very frequently","Sometimes","Sometimes","Sometimes","Very frequently","Very frequently","Rarely","Sometimes","Sometimes",8,7,7,5,"Improve"
"240",17,"Apple Music",3,"Yes","Yes","Yes","Pop","Yes","No",120,"Rarely","Rarely","Never","Sometimes","Never","Sometimes","Very frequently","Never","Rarely","Never","Sometimes","Very frequently","Very frequently","Very frequently","Very frequently","Never",8,10,9,2,"Improve"
"241",40,"Other streaming service",3,"Yes","No","No","Rock","Yes","Yes",178,"Sometimes","Never","Never","Never","Never","Never","Rarely","Never","Never","Rarely","Sometimes","Sometimes","Rarely","Never","Sometimes","Never",0,4,4,0,"Improve"
"242",18,"Spotify",1,"No","No","No","Pop","Yes","No",100,"Rarely","Rarely","Never","Rarely","Rarely","Sometimes","Never","Never","Never","Never","Never","Very frequently","Rarely","Sometimes","Sometimes","Rarely",3,2,0,1,"No effect"
"243",16,"Spotify",2.5,"No","Yes","Yes","Metal","Yes","No",110,"Never","Never","Never","Never","Never","Never","Rarely","Never","Never","Rarely","Very frequently","Never","Never","Rarely","Very frequently","Sometimes",5,3,3,1,"Improve"
"244",18,"Spotify",1,"No","No","No","Rock","Yes","Yes",108,"Sometimes","Rarely","Never","Sometimes","Never","Sometimes","Never","Never","Never","Never","Sometimes","Sometimes","Rarely","Rarely","Very frequently","Rarely",8,9,6,1,"Improve"
"245",15,"I do not use a streaming service.",5,"Yes","Yes","No","Metal","Yes","No",161,"Never","Never","Rarely","Never","Never","Never","Never","Never","Never","Never","Very frequently","Rarely","Never","Rarely","Sometimes","Never",6,7,8,2,"Improve"
"246",20,"Apple Music",3,"Yes","Yes","No","Metal","Yes","No",200,"Sometimes","Rarely","Never","Never","Never","Rarely","Sometimes","Never","Never","Rarely","Very frequently","Rarely","Never","Rarely","Very frequently","Sometimes",7,4,7,0,"Improve"
"247",16,"Spotify",0.5,"No","No","No","Rock","No","Yes",156,"Sometimes","Never","Rarely","Never","Never","Rarely","Rarely","Never","Never","Never","Never","Sometimes","Never","Never","Very frequently","Sometimes",8,0,0,0,"Improve"
"248",20,"Apple Music",8,"Yes","Yes","Yes","Country","Yes","No",120,"Never","Very frequently","Never","Sometimes","Never","Rarely","Never","Never","Never","Never","Never","Rarely","Rarely","Rarely","Sometimes","Never",8,9,2,5,"No effect"
"249",22,"Spotify",3,"Yes","Yes","Yes","Rock","Yes","Yes",90,"Never","Very frequently","Rarely","Sometimes","Never","Rarely","Sometimes","Never","Very frequently","Never","Rarely","Sometimes","Very frequently","Sometimes","Very frequently","Never",10,10,4,0,"Improve"
"250",21,"Spotify",3,"Yes","No","No","Hip hop","Yes","Yes",85,"Never","Never","Rarely","Never","Never","Very frequently","Rarely","Never","Never","Sometimes","Never","Very frequently","Very frequently","Very frequently","Very frequently","Never",8,8,3,3,"Improve"
"251",21,"Apple Music",5,"Yes","Yes","No","Metal","Yes","Yes",171,"Rarely","Never","Sometimes","Never","Never","Very frequently","Sometimes","Never","Never","Sometimes","Very frequently","Rarely","Sometimes","Very frequently","Sometimes","Sometimes",8,7,7,4,"Improve"
"252",29,"Apple Music",1.5,"Yes","No","Yes","Rock","Yes","Yes",108,"Rarely","Never","Sometimes","Never","Never","Rarely","Rarely","Never","Never","Never","Rarely","Very frequently","Very frequently","Very frequently","Very frequently","Never",8,7,1,2,"Improve"
"253",56,"I do not use a streaming service.",1,"Yes","No","No","Pop","No","No",105,"Never","Rarely","Never","Rarely","Never","Never","Never","Never","Never","Never","Never","Sometimes","Sometimes","Never","Sometimes","Never",6,5,10,2,"No effect"
"254",17,"Spotify",2,"Yes","Yes","No","Pop","Yes","No",76,"Sometimes","Never","Never","Never","Never","Rarely","Rarely","Never","Never","Rarely","Never","Very frequently","Rarely","Rarely","Never","Rarely",7,6,0,4,"Improve"
"255",22,"Spotify",1,"Yes","No","No","Pop","No","No",108,"Rarely","Rarely","Sometimes","Never","Never","Never","Rarely","Never","Never","Never","Never","Very frequently","Never","Never","Rarely","Rarely",7,4,0,0,"Improve"
"256",26,"Spotify",4,"Yes","No","No","Pop","Yes","Yes",140,"Sometimes","Sometimes","Rarely","Rarely","Never","Sometimes","Never","Rarely","Never","Rarely","Never","Very frequently","Rarely","Rarely","Very frequently","Rarely",8,7,2,10,"No effect"
"257",30,"Spotify",1,"Yes","No","No","EDM","Yes","Yes",200,"Never","Never","Very frequently","Never","Never","Sometimes","Never","Never","Never","Never","Rarely","Never","Never","Sometimes","Never","Never",4,4,4,0,"Improve"
"258",49,"Spotify",2,"Yes","No","No","Folk","Yes","No",147,"Rarely","Rarely","Sometimes","Very frequently","Never","Sometimes","Rarely","Never","Never","Sometimes","Rarely","Sometimes","Sometimes","Sometimes","Rarely","Rarely",0,0,2,0,"No effect"
"259",22,"Spotify",2,"Yes","Yes","Yes","EDM","Yes","Yes",120,"Rarely","Sometimes","Very frequently","Sometimes","Rarely","Sometimes","Sometimes","Rarely","Rarely","Sometimes","Very frequently","Sometimes","Sometimes","Very frequently","Sometimes","Very frequently",6,4,0,1,"Improve"
"260",32,"Spotify",2,"No","No","No","Rock","Yes","No",158,"Never","Rarely","Sometimes","Rarely","Never","Sometimes","Never","Never","Never","Sometimes","Rarely","Sometimes","Sometimes","Sometimes","Sometimes","Never",4,7,0,0,"Improve"
"261",32,"I do not use a streaming service.",1,"No","No","No","Rock","No","No",110,"Rarely","Sometimes","Never","Sometimes","Never","Never","Never","Never","Rarely","Never","Sometimes","Very frequently","Rarely","Never","Very frequently","Never",8,4,3,0,"No effect"
"262",22,"YouTube Music",6,"Yes","No","No","Country","Yes","No",103,"Never","Very frequently","Never","Rarely","Never","Sometimes","Never","Never","Rarely","Never","Sometimes","Never","Never","Sometimes","Very frequently","Rarely",5,5,3,3,"Improve"
"263",17,"Spotify",2,"Yes","No","No","Rock","Yes","Yes",93,"Never","Rarely","Sometimes","Sometimes","Rarely","Rarely","Sometimes","Rarely","Rarely","Rarely","Very frequently","Very frequently","Sometimes","Sometimes","Very frequently","Sometimes",0,8,0,0,"Improve"
"264",21,"Spotify",4,"Yes","Yes","No","Rock","Yes","No",62,"Rarely","Never","Never","Rarely","Never","Never","Never","Never","Never","Never","Rarely","Very frequently","Rarely","Never","Very frequently","Never",7,4,6,1,"Improve"
"265",17,"Spotify",1.5,"Yes","No","No","Rock","Yes","Yes",180,"Very frequently","Never","Rarely","Rarely","Never","Never","Never","Never","Very frequently","Rarely","Rarely","Sometimes","Sometimes","Rarely","Very frequently","Rarely",8,7,7,3,"No effect"
"266",25,"Spotify",3,"Yes","No","No","Metal","No","No",150,"Sometimes","Sometimes","Rarely","Rarely","Never","Never","Never","Never","Never","Never","Very frequently","Sometimes","Sometimes","Never","Very frequently","Sometimes",9,8,6,2,"Improve"
"267",15,"Spotify",4,"Yes","No","Yes","Rock","Yes","No",105,"Never","Never","Rarely","Never","Never","Rarely","Never","Sometimes","Never","Very frequently","Sometimes","Very frequently","Sometimes","Rarely","Very frequently","Never",8,6,4,0,"Improve"
"268",13,"Spotify",10,"Yes","No","No","Rap","Yes","No",140,"Never","Never","Rarely","Never","Never","Sometimes","Never","Never","Never","Sometimes","Never","Rarely","Rarely","Very frequently","Never","Rarely",7,2,0,8,"Improve"
"269",23,"Apple Music",3,"No","No","No","Rock","Yes","No",161,"Rarely","Never","Sometimes","Sometimes","Never","Rarely","Never","Never","Never","Rarely","Rarely","Sometimes","Never","Never","Very frequently","Sometimes",7,6,4,2,"Improve"
"270",17,"Spotify",3,"Yes","No","No","Pop","Yes","Yes",120,"Sometimes","Sometimes","Sometimes","Rarely","Rarely","Very frequently","Rarely","Very frequently","Never","Very frequently","Never","Very frequently","Very frequently","Very frequently","Very frequently","Rarely",1,1,1,0,"Improve"
"271",59,"YouTube Music",2,"Yes","No","No","Pop","Yes","No",103,"Rarely","Never","Very frequently","Rarely","Never","Rarely","Sometimes","Rarely","Rarely","Rarely","Never","Very frequently","Very frequently","Rarely","Sometimes","Never",1,1,3,0,"Improve"
"272",22,"Spotify",2,"Yes","Yes","Yes","Pop","Yes","No",72,"Rarely","Rarely","Never","Rarely","Rarely","Sometimes","Sometimes","Never","Rarely","Rarely","Never","Very frequently","Very frequently","Sometimes","Sometimes","Rarely",2,7,1,2,"Improve"
"273",17,"Apple Music",3,"Yes","No","No","Pop","Yes","Yes",113,"Sometimes","Rarely","Never","Never","Never","Very frequently","Sometimes","Very frequently","Rarely","Never","Never","Very frequently","Rarely","Very frequently","Sometimes","Rarely",6,2,3,1,"No effect"
"274",27,"Spotify",2,"No","No","No","Pop","No","No",120,"Never","Never","Never","Never","Never","Never","Never","Never","Never","Never","Rarely","Very frequently","Never","Sometimes","Sometimes","Rarely",7,7,3,2,"No effect"
"275",23,"Spotify",5,"Yes","Yes","No","Video game music","No","No",95,"Sometimes","Never","Sometimes","Never","Never","Rarely","Rarely","Rarely","Never","Sometimes","Rarely","Sometimes","Rarely","Sometimes","Sometimes","Sometimes",8,7,0,3,"No effect"
"276",15,"Spotify",6,"Yes","No","No","Rock","No","No",97,"Rarely","Never","Sometimes","Rarely","Never","Sometimes","Rarely","Never","Never","Rarely","Rarely","Sometimes","Sometimes","Never","Very frequently","Sometimes",8,3,5,2,"Improve"
"277",22,"Spotify",3,"Yes","Yes","Yes","EDM","Yes","No",140,"Rarely","Rarely","Very frequently","Sometimes","Rarely","Sometimes","Rarely","Never","Never","Rarely","Sometimes","Sometimes","Sometimes","Sometimes","Very frequently","Very frequently",5,4,2,0,"Improve"
"278",23,"Spotify",5,"Yes","No","No","Lofi","Yes","Yes",120,"Very frequently","Rarely","Sometimes","Sometimes","Rarely","Rarely","Sometimes","Rarely","Rarely","Very frequently","Rarely","Very frequently","Very frequently","Rarely","Very frequently","Very frequently",7,10,10,1,"Improve"
"279",19,"Spotify",5,"Yes","No","No","Country","Yes","Yes",118,"Rarely","Very frequently","Never","Very frequently","Sometimes","Rarely","Sometimes","Never","Very frequently","Rarely","Never","Sometimes","Sometimes","Rarely","Sometimes","Never",7,6,8,4,"Improve"
"280",32,"Spotify",6,"Yes","No","No","Rock","No","No",91,"Never","Rarely","Sometimes","Never","Never","Rarely","Rarely","Never","Never","Never","Never","Sometimes","Rarely","Rarely","Very frequently","Rarely",8,7,0,9,"Improve"
"281",40,"Spotify",6,"Yes","No","No","Rock","Yes","Yes",128,"Sometimes","Sometimes","Sometimes","Sometimes","Rarely","Sometimes","Sometimes","Never","Sometimes","Sometimes","Rarely","Sometimes","Sometimes","Sometimes","Very frequently","Rarely",10,7,3,3,"No effect"
"282",21,"Spotify",3,"Yes","No","No","Country","Yes","No",86,"Never","Very frequently","Rarely","Sometimes","Rarely","Sometimes","Never","Never","Never","Never","Rarely","Sometimes","Rarely","Sometimes","Sometimes","Never",6,5,5,3,"Improve"
"283",21,"Spotify",10,"Yes","No","No","Rock","Yes","Yes",107,"Rarely","Never","Very frequently","Sometimes","Never","Rarely","Rarely","Rarely","Rarely","Sometimes","Sometimes","Very frequently","Sometimes","Rarely","Very frequently","Very frequently",8,7,6,8,"No effect"
"284",23,"Spotify",2,"Yes","No","No","Video game music","Yes","Yes",180,"Sometimes","Never","Very frequently","Never","Never","Rarely","Rarely","Sometimes","Never","Sometimes","Never","Very frequently","Rarely","Sometimes","Sometimes","Very frequently",10,7,7,3,"Worsen"
"285",18,"Spotify",1.5,"No","No","No","Hip hop","No","No",150,"Never","Never","Never","Never","Never","Sometimes","Sometimes","Never","Never","Sometimes","Never","Very frequently","Never","Sometimes","Sometimes","Never",3,7,4,0,"Improve"
"286",21,"I do not use a streaming service.",10,"Yes","No","No","Pop","Yes","No",112,"Never","Rarely","Never","Never","Never","Rarely","Never","Never","Never","Never","Never","Sometimes","Rarely","Never","Sometimes","Never",9,7,5,5,"Improve"
"287",23,"Spotify",3,"Yes","Yes","Yes","Rock","Yes","Yes",66,"Rarely","Rarely","Never","Very frequently","Never","Sometimes","Sometimes","Never","Never","Never","Very frequently","Very frequently","Very frequently","Sometimes","Very frequently","Never",10,7,0,10,"Improve"
"288",13,"Spotify",2.5,"Yes","No","No","Folk","No","No",118,"Never","Sometimes","Never","Very frequently","Never","Never","Never","Never","Never","Never","Never","Very frequently","Never","Never","Never","Never",8,0,0,3,"Improve"
"289",19,"Spotify",3,"Yes","No","No","K pop","Yes","Yes",110,"Sometimes","Rarely","Rarely","Sometimes","Never","Rarely","Never","Very frequently","Never","Sometimes","Never","Very frequently","Very frequently","Very frequently","Very frequently","Never",6,0,3,0,"Improve"
"290",33,"YouTube Music",0.5,"Yes","Yes","No","Rock","No","No",80,"Sometimes","Never","Rarely","Never","Never","Never","Rarely","Never","Never","Rarely","Sometimes","Rarely","Never","Never","Sometimes","Rarely",7,9,4,6,"Improve"
"291",18,"Spotify",16,"Yes","No","Yes","Jazz","Yes","Yes",90,"Sometimes","Sometimes","Sometimes","Sometimes","Sometimes","Very frequently","Very frequently","Very frequently","Very frequently","Very frequently","Very frequently","Very frequently","Very frequently","Very frequently","Very frequently","Rarely",3,2,5,6,"Improve"
"292",17,"YouTube Music",6,"Yes","Yes","No","Classical","Yes","Yes",120,"Very frequently","Rarely","Never","Never","Never","Rarely","Sometimes","Rarely","Never","Sometimes","Never","Very frequently","Never","Never","Never","Rarely",4,2,0,0,"Improve"
"293",16,"Spotify",3,"Yes","No","No","EDM","Yes","Yes",100,"Rarely","Never","Very frequently","Never","Never","Very frequently","Sometimes","Very frequently","Never","Rarely","Sometimes","Very frequently","Rarely","Very frequently","Very frequently","Very frequently",4,2,0,0,"Improve"
"294",18,"YouTube Music",0.5,"No","No","No","Rock","Yes","No",66,"Rarely","Never","Never","Sometimes","Never","Never","Never","Never","Never","Never","Never","Sometimes","Rarely","Never","Very frequently","Never",5,3,1,0,"No effect"
"295",19,"Spotify",5,"Yes","No","No","K pop","Yes","Yes",158,"Rarely","Sometimes","Sometimes","Never","Never","Rarely","Rarely","Very frequently","Rarely","Never","Never","Very frequently","Very frequently","Rarely","Rarely","Rarely",4,2,2,1,"Improve"
"296",15,"YouTube Music",2,"No","Yes","No","Rap","Yes","Yes",105,"Very frequently","Sometimes","Never","Very frequently","Sometimes","Very frequently","Sometimes","Sometimes","Never","Very frequently","Sometimes","Rarely","Very frequently","Very frequently","Sometimes","Very frequently",4,0,6,5,"No effect"
"297",17,"Spotify",2,"Yes","No","No","Pop","Yes","Yes",208,"Never","Never","Never","Never","Never","Rarely","Never","Rarely","Never","Never","Very frequently","Very frequently","Never","Very frequently","Very frequently","Very frequently",7,6,3,1,"Improve"
"298",25,"Spotify",2,"Yes","No","No","Lofi","Yes","Yes",91,"Sometimes","Rarely","Sometimes","Rarely","Never","Very frequently","Very frequently","Rarely","Sometimes","Very frequently","Never","Sometimes","Rarely","Sometimes","Very frequently","Sometimes",7,8,6,2,"Improve"
"299",24,"Other streaming service",1.5,"Yes","No","No","Video game music","No","Yes",171,"Sometimes","Rarely","Very frequently","Rarely","Sometimes","Sometimes","Sometimes","Very frequently","Rarely","Very frequently","Very frequently","Very frequently","Sometimes","Sometimes","Very frequently","Very frequently",3,4,1,1,"Improve"
"300",23,"Spotify",1,"Yes","Yes","No","Jazz","Yes","No",150,"Rarely","Rarely","Very frequently","Never","Rarely","Never","Very frequently","Rarely","Rarely","Never","Sometimes","Rarely","Sometimes","Never","Very frequently","Sometimes",9,7,2,1,"Improve"
"301",16,"Spotify",10,"Yes","Yes","No","EDM","Yes","Yes",180,"Rarely","Rarely","Very frequently","Sometimes","Never","Rarely","Sometimes","Rarely","Never","Rarely","Rarely","Very frequently","Sometimes","Sometimes","Sometimes","Sometimes",10,9,3,2,"Improve"
"302",16,"Spotify",15,"Yes","Yes","Yes","EDM","Yes","No",85,"Rarely","Never","Very frequently","Never","Never","Rarely","Rarely","Never","Never","Rarely","Sometimes","Sometimes","Never","Very frequently","Very frequently","Sometimes",8,10,9,2,"Improve"
"303",20,"I do not use a streaming service.",0.5,"No","No","No","Metal","Yes","Yes",150,"Sometimes","Rarely","Sometimes","Never","Never","Sometimes","Sometimes","Never","Never","Sometimes","Sometimes","Rarely","Rarely","Rarely","Sometimes","Sometimes",8,9,6,4,"Improve"
"304",17,"Spotify",3,"Yes","No","No","Metal","Yes","No",104,"Never","Rarely","Rarely","Never","Sometimes","Sometimes","Never","Never","Never","Never","Very frequently","Never","Rarely","Sometimes","Very frequently","Never",5,6,9,9,"Improve"
"305",20,"Spotify",4,"Yes","No","No","Hip hop","Yes","No",85,"Never","Rarely","Very frequently","Rarely","Never","Very frequently","Never","Never","Never","Never","Never","Sometimes","Sometimes","Very frequently","Sometimes","Never",3,2,1,6,"Improve"
"306",21,"Spotify",1,"Yes","No","No","Rock","Yes","No",147,"Rarely","Sometimes","Sometimes","Sometimes","Never","Sometimes","Rarely","Rarely","Rarely","Rarely","Rarely","Very frequently","Never","Sometimes","Very frequently","Very frequently",7,9,1,2,"Improve"
"307",16,"Spotify",24,"Yes","No","No","Rock","Yes","Yes",120,"Never","Never","Rarely","Never","Never","Never","Never","Rarely","Rarely","Rarely","Rarely","Rarely","Rarely","Rarely","Sometimes","Rarely",5,1,9,1,"Improve"
"308",43,"Spotify",1,"Yes","No","No","Pop","Yes","No",134,"Sometimes","Never","Never","Sometimes","Rarely","Sometimes","Rarely","Never","Never","Rarely","Never","Very frequently","Rarely","Rarely","Sometimes","Never",3,3,0,0,"Improve"
"309",10,"YouTube Music",2,"Yes","Yes","No","Pop","Yes","Yes",112,"Very frequently","Never","Rarely","Never","Never","Rarely","Rarely","Very frequently","Never","Rarely","Never","Very frequently","Never","Rarely","Never","Very frequently",8,2,1,1,"Improve"
"310",27,"Spotify",3,"Yes","No","No","Metal","Yes","Yes",200,"Rarely","Rarely","Sometimes","Never","Never","Sometimes","Never","Sometimes","Rarely","Sometimes","Very frequently","Sometimes","Rarely","Very frequently","Very frequently","Very frequently",4,0,0,0,"Improve"
"311",24,"Spotify",3,"Yes","Yes","No","Classical","No","Yes",75,"Very frequently","Never","Never","Never","Rarely","Rarely","Never","Never","Sometimes","Rarely","Sometimes","Rarely","Never","Rarely","Never","Never",9,6,1,1,"Improve"
"312",17,"Apple Music",7,"Yes","No","No","Rock","No","No",140,"Never","Never","Never","Never","Never","Never","Never","Never","Never","Sometimes","Never","Very frequently","Never","Never","Very frequently","Sometimes",8,7,7,4,"Improve"
"313",19,"Spotify",6,"Yes","No","No","Metal","Yes","No",111,"Sometimes","Never","Never","Never","Never","Never","Never","Never","Never","Never","Very frequently","Rarely","Never","Never","Very frequently","Sometimes",1,0,0,0,"Improve"
"314",16,"YouTube Music",3,"Yes","No","No","Rock","Yes","Yes",150,"Sometimes","Never","Sometimes","Never","Never","Rarely","Rarely","Rarely","Never","Rarely","Sometimes","Sometimes","Sometimes","Sometimes","Very frequently","Sometimes",5,7,1,4,"Improve"
"315",33,"Apple Music",4,"Yes","Yes","Yes","Lofi","Yes","Yes",114,"Sometimes","Rarely","Rarely","Sometimes","Never","Sometimes","Sometimes","Rarely","Rarely","Very frequently","Very frequently","Sometimes","Rarely","Sometimes","Sometimes","Sometimes",8,8,2,2,"Improve"
"316",32,"I do not use a streaming service.",3,"Yes","Yes","No","Rock","No","Yes",93,"Very frequently","Sometimes","Sometimes","Sometimes","Never","Never","Very frequently","Rarely","Rarely","Never","Very frequently","Rarely","Never","Rarely","Very frequently","Rarely",2,2,8,0,"No effect"
"317",15,"Pandora",2,"Yes","Yes","No","Pop","Yes","No",145,"Rarely","Sometimes","Never","Never","Never","Never","Never","Rarely","Very frequently","Never","Never","Very frequently","Sometimes","Sometimes","Never","Never",6,0,0,2,"Improve"
"318",27,"YouTube Music",3,"Yes","No","No","Metal","Yes","Yes",100,"Very frequently","Very frequently","Never","Rarely","Never","Rarely","Never","Never","Never","Never","Very frequently","Sometimes","Never","Rarely","Very frequently","Rarely",2,0,1,0,"Improve"
"319",20,"I do not use a streaming service.",2,"Yes","No","No","Rock","Yes","No",114,"Rarely","Rarely","Never","Sometimes","Never","Never","Rarely","Never","Never","Never","Rarely","Sometimes","Rarely","Never","Very frequently","Sometimes",6,2,6,7,"No effect"
"320",23,"I do not use a streaming service.",2,"Yes","No","No","Pop","Yes","Yes",109,"Rarely","Very frequently","Never","Rarely","Very frequently","Very frequently","Sometimes","Rarely","Never","Rarely","Never","Very frequently","Very frequently","Very frequently","Very frequently","Sometimes",6,1,0,5,"Improve"
"321",16,"Other streaming service",3,"Yes","Yes","Yes","Classical","No","No",72,"Very frequently","Rarely","Never","Never","Rarely","Never","Never","Never","Never","Never","Never","Very frequently","Never","Never","Never","Rarely",9,7,10,6,"No effect"
"322",17,"Other streaming service",0,"No","No","No","Video game music","No","Yes",89,"Never","Never","Never","Never","Never","Never","Never","Never","Never","Very frequently","Never","Never","Never","Never","Never","Very frequently",10,0,0,0,"No effect"
"323",14,"Spotify",1,"Yes","Yes","No","Pop","Yes","No",140,"Rarely","Rarely","Very frequently","Rarely","Rarely","Sometimes","Sometimes","Sometimes","Rarely","Sometimes","Rarely","Very frequently","Sometimes","Sometimes","Sometimes","Sometimes",6,6,3,0,"Improve"
"324",32,"Spotify",2,"Yes","No","No","Metal","Yes","No",84,"Rarely","Rarely","Very frequently","Rarely","Rarely","Rarely","Rarely","Rarely","Never","Sometimes","Very frequently","Sometimes","Rarely","Rarely","Sometimes","Very frequently",4,3,1,6,"Improve"
"325",20,"Spotify",2,"Yes","Yes","No","Pop","No","Yes",132,"Never","Never","Never","Never","Never","Rarely","Never","Never","Never","Never","Never","Never","Never","Rarely","Rarely","Rarely",6,2,2,1,"No effect"
"326",18,"Spotify",5,"Yes","No","No","K pop","Yes","Yes",124,"Never","Rarely","Rarely","Never","Never","Rarely","Rarely","Very frequently","Rarely","Rarely","Never","Very frequently","Rarely","Sometimes","Sometimes","Never",7,4,5,6,"Improve"
"327",14,"Spotify",2,"Yes","Yes","No","Classical","Yes","No",181,"Very frequently","Never","Never","Never","Never","Rarely","Never","Never","Never","Rarely","Sometimes","Sometimes","Never","Rarely","Very frequently","Rarely",7,5,3,2,"Improve"
"328",13,"Other streaming service",4,"Yes","Yes","Yes","Classical","Yes","No",126,"Very frequently","Never","Sometimes","Rarely","Never","Never","Rarely","Rarely","Never","Never","Rarely","Very frequently","Never","Never","Sometimes","Sometimes",8,5,10,3,"Improve"
"329",19,"Apple Music",8,"Yes","No","Yes","Country","Yes","No",109,"Never","Very frequently","Never","Rarely","Never","Never","Never","Never","Never","Never","Rarely","Rarely","Never","Rarely","Sometimes","Rarely",7,5,6,5,"Improve"
"330",14,"Spotify",4,"Yes","Yes","No","Classical","Yes","No",106,"Very frequently","Never","Rarely","Never","Never","Sometimes","Sometimes","Rarely","Rarely","Rarely","Sometimes","Sometimes","Sometimes","Sometimes","Sometimes","Rarely",6,8,8,2,"Improve"
"331",18,"Apple Music",2,"Yes","Yes","No","Rap","Yes","Yes",170,"Very frequently","Never","Sometimes","Never","Never","Very frequently","Sometimes","Rarely","Very frequently","Sometimes","Rarely","Sometimes","Sometimes","Very frequently","Rarely","Sometimes",3,2,0,2,"Improve"
"332",15,"Spotify",5,"Yes","No","No","Folk","Yes","Yes",87,"Rarely","Sometimes","Never","Very frequently","Rarely","Sometimes","Never","Never","Never","Sometimes","Never","Never","Never","Sometimes","Rarely","Rarely",6,7,7,4,"Improve"
"333",17,"Apple Music",2,"Yes","No","No","Pop","No","Yes",117,"Rarely","Never","Never","Never","Never","Rarely","Rarely","Never","Never","Sometimes","Rarely","Very frequently","Very frequently","Never","Never","Sometimes",9,8,4,8,"Improve"
"334",44,"Spotify",2,"No","No","No","Rock","Yes","No",105,"Sometimes","Sometimes","Sometimes","Sometimes","Rarely","Sometimes","Rarely","Rarely","Never","Never","Sometimes","Sometimes","Sometimes","Sometimes","Very frequently","Never",7,7,2,1,"Improve"
"335",21,"Apple Music",1,"No","No","No","Rap","No","No",160,"Rarely","Rarely","Never","Never","Never","Sometimes","Rarely","Never","Never","Rarely","Rarely","Sometimes","Sometimes","Sometimes","Rarely","Never",4,3,4,5,"Improve"
"336",23,"Spotify",2,"Yes","Yes","No","Rock","Yes","Yes",141,"Rarely","Rarely","Never","Very frequently","Never","Rarely","Never","Never","Never","Very frequently","Very frequently","Very frequently","Never","Sometimes","Very frequently","Very frequently",0,5,7,0,"No effect"
"337",18,"Spotify",1,"Yes","Yes","No","Pop","No","Yes",105,"Sometimes","Rarely","Never","Never","Rarely","Never","Rarely","Never","Sometimes","Rarely","Never","Very frequently","Never","Never","Never","Very frequently",8,7,7,0,"Improve"
"338",26,"Spotify",14,"Yes","No","No","Hip hop","Yes","Yes",158,"Sometimes","Sometimes","Rarely","Very frequently","Never","Very frequently","Very frequently","Rarely","Rarely","Very frequently","Rarely","Sometimes","Very frequently","Very frequently","Very frequently","Rarely",5,10,8,0,"No effect"
"339",15,"Spotify",3,"Yes","Yes","Yes","Classical","Yes","No",118,"Very frequently","Never","Never","Never","Never","Never","Never","Rarely","Never","Sometimes","Never","Sometimes","Never","Never","Never","Sometimes",9,6,8,5,"Improve"
"340",57,"YouTube Music",2,"Yes","Yes","Yes","Rock","Yes","No",125,"Never","Never","Never","Never","Never","Rarely","Sometimes","Never","Rarely","Rarely","Sometimes","Sometimes","Sometimes","Rarely","Very frequently","Never",2,2,7,0,"No effect"
"341",12,"Spotify",0.5,"Yes","Yes","Yes","Classical","Yes","Yes",109,"Very frequently","Never","Never","Never","Never","Never","Rarely","Never","Never","Rarely","Never","Sometimes","Never","Never","Never","Never",7,8,6,2,"Improve"
"342",26,"Spotify",6,"Yes","No","No","EDM","No","Yes",156,"Never","Never","Very frequently","Never","Never","Never","Never","Never","Never","Never","Never","Rarely","Rarely","Rarely","Never","Rarely",10,10,8,2,"No effect"
"343",17,"Spotify",1,"Yes","Yes","No","Country","No","No",105,"Never","Very frequently","Never","Rarely","Rarely","Never","Rarely","Never","Never","Never","Rarely","Rarely","Rarely","Never","Sometimes","Rarely",8,5,2,3,"Improve"
"344",69,"Pandora",4,"Yes","Yes","Yes","Classical","Yes","Yes",72,"Very frequently","Sometimes","Never","Sometimes","Sometimes","Rarely","Very frequently","Rarely","Rarely","Rarely","Never","Sometimes","Sometimes","Never","Very frequently","Never",1,1,2,0,"Improve"
"345",17,"Spotify",3,"Yes","Yes","Yes","R&B","Yes","Yes",148,"Very frequently","Never","Rarely","Never","Sometimes","Very frequently","Very frequently","Very frequently","Sometimes","Never","Rarely","Very frequently","Very frequently","Very frequently","Sometimes","Never",9,10,10,3,"No effect"
"346",32,"Spotify",12,"Yes","Yes","Yes","Jazz","Yes","Yes",200,"Never","Never","Sometimes","Rarely","Never","Sometimes","Very frequently","Rarely","Never","Sometimes","Never","Rarely","Sometimes","Rarely","Never","Never",9,4,4,4,"Improve"
"347",22,"YouTube Music",3,"No","Yes","No","Classical","Yes","No",113,"Very frequently","Never","Never","Never","Never","Never","Sometimes","Never","Never","Never","Never","Rarely","Never","Never","Rarely","Never",8,2,4,0,"No effect"
"348",38,"Spotify",1,"No","No","No","Metal","Yes","Yes",191,"Rarely","Never","Never","Sometimes","Never","Never","Rarely","Never","Never","Never","Very frequently","Never","Never","Never","Sometimes","Rarely",1,1,5,1,"Improve"
"349",18,"YouTube Music",10,"Yes","No","No","EDM","Yes","No",140,"Never","Never","Very frequently","Sometimes","Never","Sometimes","Never","Never","Never","Sometimes","Never","Very frequently","Very frequently","Very frequently","Never","Never",10,9,9,8,"Improve"
"350",14,"Spotify",5,"Yes","Yes","No","Classical","Yes","Yes",40,"Very frequently","Rarely","Rarely","Rarely","Rarely","Rarely","Rarely","Sometimes","Rarely","Sometimes","Never","Sometimes","Sometimes","Rarely","Rarely","Very frequently",3,0,2,3,"Improve"
"351",14,"Other streaming service",0.5,"Yes","Yes","No","Video game music","Yes","Yes",173,"Very frequently","Never","Never","Rarely","Never","Never","Rarely","Sometimes","Rarely","Never","Never","Very frequently","Never","Never","Never","Very frequently",4,0,4,0,"Improve"
"352",19,"Spotify",5,"Yes","Yes","Yes","Metal","Yes","Yes",180,"Rarely","Rarely","Rarely","Rarely","Never","Rarely","Rarely","Never","Rarely","Sometimes","Very frequently","Sometimes","Rarely","Rarely","Very frequently","Sometimes",2,3,5,2,"Improve"
"353",20,"YouTube Music",3,"Yes","Yes","Yes","Classical","Yes","No",100,"Very frequently","Sometimes","Rarely","Sometimes","Rarely","Rarely","Very frequently","Rarely","Rarely","Never","Rarely","Sometimes","Sometimes","Rarely","Rarely","Rarely",2,3,3,0,"Improve"
"354",18,"Spotify",2,"No","No","No","Rock","Yes","No",123,"Never","Very frequently","Never","Rarely","Rarely","Rarely","Rarely","Never","Never","Never","Sometimes","Very frequently","Never","Sometimes","Sometimes","Sometimes",8,4,3,0,"Improve"
"355",31,"I do not use a streaming service.",4,"Yes","Yes","No","Classical","Yes","Yes",55,"Very frequently","Rarely","Never","Rarely","Rarely","Never","Sometimes","Never","Never","Rarely","Rarely","Never","Never","Never","Sometimes","Sometimes",8,8,9,3,"Improve"
"356",72,"Spotify",6,"Yes","Yes","Yes","Rock","No","No",77,"Never","Sometimes","Never","Never","Never","Never","Very frequently","Never","Sometimes","Never","Never","Rarely","Very frequently","Never","Very frequently","Never",0,1,0,2,"Improve"
"357",16,"Spotify",4,"Yes","No","No","Pop","Yes","Yes",150,"Rarely","Rarely","Sometimes","Sometimes","Rarely","Very frequently","Rarely","Sometimes","Rarely","Sometimes","Rarely","Very frequently","Rarely","Rarely","Rarely","Rarely",7.5,5,7,8.5,"Improve"
"358",19,"YouTube Music",3,"No","Yes","No","Rap","Yes","Yes",73,"Rarely","Never","Sometimes","Never","Never","Sometimes","Rarely","Never","Never","Rarely","Never","Sometimes","Rarely","Very frequently","Sometimes","Sometimes",3,3,0,0,"Improve"
"359",16,"Spotify",2,"Yes","Yes","No","Classical","No","No",155,"Very frequently","Rarely","Never","Rarely","Never","Rarely","Rarely","Never","Never","Rarely","Never","Very frequently","Never","Never","Rarely","Rarely",7,5,3,1,"Improve"
"360",39,"Spotify",1,"Yes","No","No","Hip hop","Yes","Yes",89,"Never","Rarely","Rarely","Sometimes","Never","Very frequently","Rarely","Rarely","Rarely","Sometimes","Sometimes","Very frequently","Sometimes","Very frequently","Very frequently","Never",6,4,1,1,"Improve"
"361",15,"Spotify",6,"Yes","Yes","No","K pop","Yes","Yes",110,"Sometimes","Never","Rarely","Sometimes","Never","Rarely","Sometimes","Very frequently","Sometimes","Sometimes","Rarely","Very frequently","Sometimes","Rarely","Very frequently","Never",8,8,7,10,"No effect"
"362",14,"Spotify",9,"Yes","No","No","R&B","Yes","Yes",140,"Very frequently","Rarely","Rarely","Rarely","Rarely","Sometimes","Rarely","Very frequently","Rarely","Sometimes","Rarely","Very frequently","Very frequently","Very frequently","Rarely","Rarely",10,8,9,5,"Improve"
"363",21,"Spotify",1,"No","No","No","Country","No","No",135,"Never","Very frequently","Never","Never","Never","Never","Never","Never","Never","Never","Never","Never","Never","Never","Never","Never",3,0,2,0,"Improve"
"364",38,"Apple Music",1,"Yes","No","No","Video game music","No","No",125,"Rarely","Never","Never","Never","Never","Rarely","Sometimes","Rarely","Rarely","Never","Rarely","Sometimes","Rarely","Rarely","Rarely","Very frequently",5,5,7,1,"Worsen"
"365",23,"Spotify",0.5,"No","No","Yes","Hip hop","Yes","Yes",110,"Sometimes","Sometimes","Rarely","Rarely","Rarely","Very frequently","Rarely","Very frequently","Rarely","Sometimes","Rarely","Sometimes","Sometimes","Very frequently","Rarely","Sometimes",7,7,6,5,"Improve"
"366",16,"Other streaming service",1,"No","No","No","EDM","Yes","No",140,"Never","Never","Very frequently","Never","Never","Sometimes","Rarely","Never","Never","Sometimes","Sometimes","Rarely","Rarely","Rarely","Sometimes","Sometimes",7,4,6,3,"Improve"
"367",13,"Spotify",6,"Yes","No","No","Rap","Yes","No",112,"Never","Never","Never","Never","Never","Very frequently","Never","Rarely","Never","Rarely","Never","Rarely","Never","Very frequently","Never","Never",4,0,0,2,"Worsen"
"368",16,"Spotify",4,"Yes","No","No","Rock","Yes","No",96,"Rarely","Sometimes","Sometimes","Sometimes","Never","Sometimes","Rarely","Sometimes","Never","Very frequently","Very frequently","Very frequently","Never","Never","Very frequently","Sometimes",3,0,6,9,"Improve"
"369",21,"Spotify",4,"Yes","No","No","Metal","Yes","Yes",155,"Never","Never","Very frequently","Never","Never","Never","Never","Never","Never","Rarely","Sometimes","Never","Never","Never","Very frequently","Very frequently",10,6,8,0,"Improve"
"370",17,"Spotify",1.5,"Yes","No","No","Classical","Yes","Yes",174,"Very frequently","Rarely","Never","Rarely","Never","Never","Sometimes","Never","Never","Sometimes","Never","Very frequently","Rarely","Never","Never","Never",7,5,1,2,"No effect"
"371",24,"Apple Music",2,"Yes","No","No","Rock","Yes","Yes",93,"Rarely","Sometimes","Never","Very frequently","Never","Sometimes","Sometimes","Never","Rarely","Sometimes","Never","Rarely","Rarely","Sometimes","Very frequently","Never",7,7,0,4,"No effect"
"372",14,"Apple Music",2,"Yes","No","No","Pop","Yes","No",78,"Rarely","Never","Never","Sometimes","Never","Sometimes","Never","Rarely","Very frequently","Rarely","Rarely","Very frequently","Sometimes","Sometimes","Rarely","Never",6,0,0,0,"Improve"
"373",22,"Spotify",3,"Yes","No","No","Lofi","Yes","Yes",174,"Rarely","Very frequently","Sometimes","Rarely","Rarely","Rarely","Rarely","Rarely","Rarely","Very frequently","Rarely","Rarely","Rarely","Rarely","Rarely","Rarely",7,6,7,9,"Improve"
"374",20,"I do not use a streaming service.",4,"Yes","No","No","Rock","Yes","Yes",120,"Rarely","Never","Sometimes","Never","Never","Rarely","Never","Very frequently","Rarely","Rarely","Sometimes","Very frequently","Rarely","Rarely","Very frequently","Rarely",5,7,7,0,"No effect"
"375",23,"Spotify",2,"Yes","No","No","Pop","No","No",75,"Sometimes","Rarely","Rarely","Sometimes","Never","Very frequently","Sometimes","Never","Never","Never","Never","Very frequently","Very frequently","Very frequently","Sometimes","Sometimes",7,6,4,3,"Improve"
"376",61,"Pandora",2,"Yes","No","No","Rock","Yes","No",94,"Never","Never","Never","Rarely","Never","Never","Never","Rarely","Never","Never","Sometimes","Sometimes","Rarely","Never","Sometimes","Never",2,2,2,0,"Improve"
"377",24,"Spotify",6,"Yes","No","No","Video game music","No","Yes",180,"Sometimes","Never","Sometimes","Very frequently","Never","Never","Never","Rarely","Never","Rarely","Sometimes","Rarely","Never","Never","Very frequently","Very frequently",9,5,0,7,"Improve"
"378",34,"Spotify",0,"No","Yes","No","Rock","No","Yes",115,"Rarely","Rarely","Never","Sometimes","Never","Never","Never","Never","Never","Never","Rarely","Never","Never","Never","Very frequently","Never",3,7,8,0,"Worsen"
"379",49,"Spotify",1,"No","No","No","Pop","Yes","No",128,"Sometimes","Never","Never","Never","Never","Very frequently","Rarely","Never","Never","Very frequently","Never","Very frequently","Very frequently","Very frequently","Sometimes","Never",4,5,9,1,"Improve"
"380",33,"I do not use a streaming service.",4,"Yes","Yes","No","Rock","Yes","Yes",112,"Rarely","Sometimes","Rarely","Rarely","Rarely","Rarely","Rarely","Never","Never","Very frequently","Rarely","Sometimes","Rarely","Rarely","Very frequently","Very frequently",1,0,7,0,"Improve"
"381",22,"I do not use a streaming service.",2,"No","Yes","Yes","Metal","No","No",140,"Never","Never","Rarely","Never","Never","Never","Never","Never","Never","Never","Very frequently","Rarely","Rarely","Never","Very frequently","Very frequently",3,2,0,2,"No effect"
"382",38,"Spotify",3,"Yes","No","No","Metal","Yes","Yes",143,"Rarely","Never","Never","Never","Never","Never","Never","Never","Never","Never","Very frequently","Never","Never","Rarely","Sometimes","Never",1,6,1,2,"Improve"
"383",23,"YouTube Music",4,"No","No","No","Hip hop","Yes","No",72,"Rarely","Rarely","Never","Rarely","Never","Very frequently","Rarely","Never","Never","Sometimes","Rarely","Very frequently","Sometimes","Sometimes","Sometimes","Rarely",8,10,4,0,"No effect"
"384",34,"I do not use a streaming service.",2,"No","No","No","Video game music","No","Yes",100,"Rarely","Rarely","Rarely","Never","Never","Sometimes","Rarely","Rarely","Never","Rarely","Rarely","Never","Never","Sometimes","Rarely","Very frequently",8,10,10,0,"No effect"
"385",40,"Other streaming service",3,"Yes","No","No","Metal","Yes","Yes",120,"Never","Never","Never","Never","Never","Never","Sometimes","Never","Sometimes","Never","Very frequently","Rarely","Rarely","Never","Sometimes","Never",3,0,8,1,"No effect"
"386",16,"Spotify",10,"No","No","No","Rock","Yes","No",105,"Rarely","Very frequently","Never","Very frequently","Rarely","Rarely","Sometimes","Never","Never","Never","Very frequently","Sometimes","Rarely","Rarely","Very frequently","Never",0,0,0,0,"No effect"
"387",23,"I do not use a streaming service.",10,"Yes","No","No","Video game music","No","Yes",119,"Rarely","Never","Sometimes","Sometimes","Never","Rarely","Never","Sometimes","Never","Sometimes","Rarely","Sometimes","Never","Rarely","Sometimes","Very frequently",8,8,5,0,"Improve"
"388",22,"YouTube Music",4,"Yes","No","No","Folk","Yes","Yes",137,"Rarely","Sometimes","Very frequently","Very frequently","Never","Sometimes","Sometimes","Never","Rarely","Sometimes","Very frequently","Very frequently","Sometimes","Sometimes","Very frequently","Sometimes",8,7,6,2,"Improve"
"389",41,"Spotify",3,"No","No","No","Metal","Yes","Yes",178,"Very frequently","Rarely","Never","Rarely","Never","Never","Never","Sometimes","Never","Never","Very frequently","Rarely","Never","Rarely","Sometimes","Very frequently",6,5,4,0,"No effect"
"390",63,"Spotify",2,"Yes","No","No","Rock","Yes","No",133,"Very frequently","Sometimes","Rarely","Very frequently","Never","Rarely","Sometimes","Never","Rarely","Never","Never","Never","Rarely","Never","Very frequently","Never",5,4,6,2,"Improve"
"391",28,"Spotify",1,"No","Yes","No","Rock","Yes","No",72,"Rarely","Rarely","Never","Rarely","Never","Rarely","Never","Never","Never","Sometimes","Rarely","Sometimes","Never","Rarely","Sometimes","Never",3,1,0,2,"No effect"
"392",58,"YouTube Music",1,"Yes","No","No","Rock","Yes","No",133,"Rarely","Sometimes","Rarely","Sometimes","Sometimes","Sometimes","Sometimes","Never","Rarely","Rarely","Sometimes","Rarely","Sometimes","Sometimes","Sometimes","Never",5,6,3,1,"Improve"
"393",58,"YouTube Music",1,"Yes","Yes","Yes","Classical","Yes","No",80,"Sometimes","Rarely","Never","Rarely","Sometimes","Rarely","Sometimes","Rarely","Rarely","Never","Never","Rarely","Never","Never","Never","Never",0,0,2,1,"Improve"
"394",67,"Other streaming service",4,"Yes","No","No","Rock","No","No",146,"Never","Sometimes","Never","Never","Never","Never","Sometimes","Never","Never","Never","Rarely","Never","Rarely","Never","Very frequently","Never",7,6,7,4,"Improve"
"395",70,"I do not use a streaming service.",2,"Yes","No","No","Country","No","No",88,"Sometimes","Very frequently","Never","Never","Never","Never","Never","Never","Never","Never","Never","Never","Never","Never","Never","Never",8,5,6,1,"Improve"
"396",60,"YouTube Music",2,"Yes","No","No","Rock","No","Yes",132,"Sometimes","Sometimes","Never","Sometimes","Rarely","Never","Rarely","Never","Rarely","Never","Rarely","Sometimes","Sometimes","Rarely","Very frequently","Rarely",4,4,2,0,"Improve"
"397",15,"Spotify",2,"Yes","Yes","Yes","Pop","Yes","No",102,"Rarely","Rarely","Sometimes","Never","Sometimes","Rarely","Sometimes","Sometimes","Never","Never","Never","Very frequently","Sometimes","Never","Sometimes","Very frequently",9,8,10,9,"Improve"
"398",18,"YouTube Music",6,"Yes","No","No","EDM","Yes","Yes",91,"Very frequently","Rarely","Very frequently","Rarely","Sometimes","Very frequently","Sometimes","Never","Sometimes","Very frequently","Sometimes","Very frequently","Very frequently","Very frequently","Sometimes","Very frequently",5,5,7,0,"Improve"
"399",58,"Other streaming service",3,"Yes","No","No","Hip hop","Yes","Yes",127,"Sometimes","Never","Sometimes","Rarely","Sometimes","Very frequently","Very frequently","Never","Sometimes","Very frequently","Never","Rarely","Very frequently","Sometimes","Sometimes","Never",4,6,8,1,"Improve"
"400",28,"Other streaming service",1,"Yes","No","No","Lofi","Yes","Yes",82,"Sometimes","Rarely","Rarely","Rarely","Rarely","Sometimes","Sometimes","Rarely","Sometimes","Very frequently","Rarely","Sometimes","Sometimes","Rarely","Sometimes","Sometimes",4,8,5,0,"Improve"
"401",22,"Spotify",4,"Yes","Yes","No","Lofi","Yes","No",141,"Rarely","Rarely","Never","Sometimes","Never","Rarely","Sometimes","Never","Never","Very frequently","Rarely","Sometimes","Rarely","Rarely","Very frequently","Never",9,10,6,7,"Improve"
"402",49,"YouTube Music",0.5,"No","No","No","Classical","No","No",114,"Very frequently","Sometimes","Rarely","Sometimes","Very frequently","Sometimes","Sometimes","Rarely","Rarely","Never","Rarely","Sometimes","Sometimes","Sometimes","Rarely","Rarely",3,2,2,2,"Improve"
"403",20,"YouTube Music",8,"Yes","No","No","Rock","Yes","Yes",148,"Never","Rarely","Rarely","Sometimes","Never","Never","Rarely","Never","Never","Rarely","Sometimes","Rarely","Sometimes","Never","Very frequently","Sometimes",6,2,2,1,"Improve"
"404",55,"YouTube Music",15,"Yes","No","No","Rock","No","No",156,"Rarely","Never","Never","Very frequently","Never","Never","Sometimes","Never","Rarely","Never","Never","Rarely","Never","Never","Very frequently","Never",2,0,3,0,"No effect"
"405",48,"Spotify",1.5,"Yes","Yes","No","Metal","No","No",185,"Rarely","Never","Rarely","Never","Never","Never","Rarely","Never","Never","Never","Sometimes","Never","Rarely","Never","Rarely","Rarely",10,8,0,4,"Improve"
"406",14,"Spotify",2,"Yes","Yes","No","K pop","Yes","Yes",114,"Sometimes","Never","Rarely","Never","Never","Sometimes","Sometimes","Very frequently","Never","Sometimes","Never","Rarely","Rarely","Rarely","Never","Rarely",4,4,2,2,"Improve"
"407",18,"Spotify",3,"Yes","Yes","No","Pop","Yes","Yes",120,"Sometimes","Never","Sometimes","Rarely","Never","Very frequently","Sometimes","Very frequently","Very frequently","Sometimes","Rarely","Very frequently","Very frequently","Very frequently","Sometimes","Sometimes",7,8,6,2,"Improve"
"408",25,"Spotify",1,"Yes","No","No","Pop","Yes","Yes",80,"Very frequently","Rarely","Rarely","Rarely","Never","Sometimes","Sometimes","Never","Never","Rarely","Very frequently","Very frequently","Rarely","Sometimes","Sometimes","Sometimes",7,6,5,5,"Improve"
"409",18,"I do not use a streaming service.",1,"Yes","No","Yes","Video game music","No","No",116,"Rarely","Rarely","Sometimes","Sometimes","Never","Rarely","Sometimes","Never","Never","Never","Sometimes","Never","Rarely","Sometimes","Sometimes","Very frequently",4,5,7,0,"No effect"
"410",19,"Spotify",5,"Yes","No","No","Hip hop","No","Yes",99,"Rarely","Very frequently","Sometimes","Rarely","Rarely","Very frequently","Never","Rarely","Very frequently","Never","Rarely","Sometimes","Sometimes","Very frequently","Rarely","Sometimes",10,7,0,0,"Improve"
"411",74,"I do not use a streaming service.",1,"No","No","No","Pop","No","No",129,"Rarely","Very frequently","Never","Sometimes","Sometimes","Never","Rarely","Never","Sometimes","Never","Never","Very frequently","Sometimes","Never","Sometimes","Never",4,2,1,0,"Improve"
"412",36,"Pandora",1,"Yes","No","No","Hip hop","No","No",131,"Sometimes","Never","Never","Never","Never","Very frequently","Never","Never","Never","Never","Never","Very frequently","Sometimes","Sometimes","Sometimes","Never",7,6,2,3,"Improve"
"413",14,"Spotify",7,"Yes","No","No","Lofi","Yes","Yes",95,"Never","Never","Never","Never","Never","Sometimes","Never","Never","Never","Very frequently","Never","Very frequently","Never","Sometimes","Never","Rarely",3,2,8,0,"Improve"
"414",20,"Spotify",3,"No","Yes","Yes","Hip hop","Yes","Yes",80,"Very frequently","Rarely","Rarely","Sometimes","Never","Very frequently","Sometimes","Never","Sometimes","Rarely","Rarely","Sometimes","Sometimes","Very frequently","Very frequently","Rarely",10,7,4,3,"Improve"
"415",15,"Spotify",3,"Yes","No","No","K pop","Yes","Yes",204,"Rarely","Never","Rarely","Never","Never","Very frequently","Sometimes","Very frequently","Never","Never","Never","Rarely","Sometimes","Very frequently","Sometimes","Very frequently",4,0,0,0,"No effect"
"416",19,"I do not use a streaming service.",7,"Yes","No","No","Rock","No","No",128,"Sometimes","Rarely","Never","Rarely","Never","Never","Sometimes","Never","Never","Never","Rarely","Never","Never","Never","Very frequently","Sometimes",7,7,0,0,"Improve"
"417",29,"Spotify",8,"Yes","No","No","EDM","No","Yes",140,"Rarely","Sometimes","Very frequently","Sometimes","Never","Sometimes","Rarely","Never","Never","Rarely","Sometimes","Never","Never","Very frequently","Very frequently","Very frequently",6,7,4,1,"Improve"
"418",24,"Spotify",2,"Yes","No","No","Metal","Yes","No",159,"Never","Rarely","Very frequently","Sometimes","Very frequently","Never","Never","Never","Never","Rarely","Very frequently","Rarely","Never","Never","Sometimes","Rarely",7,6,2,7,"Improve"
"419",18,"Apple Music",2,"Yes","No","No","Pop","Yes","Yes",104,"Rarely","Rarely","Rarely","Rarely","Rarely","Very frequently","Rarely","Rarely","Sometimes","Rarely","Sometimes","Very frequently","Very frequently","Very frequently","Very frequently","Never",6,5,8,0,"Improve"
"420",21,"Spotify",2,"Yes","No","No","Rock","Yes","Yes",97,"Sometimes","Never","Never","Sometimes","Never","Rarely","Rarely","Rarely","Never","Rarely","Never","Very frequently","Rarely","Rarely","Very frequently","Rarely",10,10,2,3,"Improve"
"421",19,"Spotify",2,"Yes","No","No","K pop","Yes","Yes",80,"Rarely","Never","Rarely","Never","Never","Sometimes","Sometimes","Very frequently","Never","Sometimes","Never","Sometimes","Very frequently","Rarely","Sometimes","Sometimes",7,6,5,1,"Improve"
"422",25,"Spotify",4,"No","No","No","Video game music","Yes","Yes",134,"Sometimes","Never","Never","Rarely","Rarely","Never","Never","Rarely","Very frequently","Never","Never","Very frequently","Sometimes","Never","Never","Very frequently",3,0,0,0,"Improve"
"423",27,"Other streaming service",4,"Yes","No","No","Rap","Yes","No",135,"Rarely","Never","Never","Never","Never","Sometimes","Rarely","Sometimes","Never","Sometimes","Never","Rarely","Never","Very frequently","Rarely","Rarely",7,6,6,5,"Improve"
"424",60,"Spotify",1,"No","No","No","Rock","Yes","No",129,"Sometimes","Rarely","Never","Sometimes","Never","Never","Sometimes","Never","Never","Never","Never","Rarely","Rarely","Never","Sometimes","Never",3,2,5,0,"No effect"
"425",43,"Other streaming service",1,"No","No","No","Country","No","No",110,"Never","Very frequently","Never","Never","Never","Rarely","Never","Never","Never","Never","Never","Sometimes","Never","Never","Rarely","Never",5,1,1,1,"Improve"
"426",51,"I do not use a streaming service.",5,"Yes","No","No","Rock","No","No",180,"Sometimes","Rarely","Never","Sometimes","Never","Never","Rarely","Never","Never","Never","Sometimes","Rarely","Rarely","Never","Very frequently","Rarely",1,2,1,0,"No effect"
"427",63,"YouTube Music",8,"Yes","No","No","Rock","Yes","No",70,"Sometimes","Sometimes","Rarely","Rarely","Never","Never","Rarely","Never","Rarely","Rarely","Never","Sometimes","Rarely","Never","Sometimes","Never",2,1,2,2,"Improve"
"428",24,"YouTube Music",1,"Yes","No","No","Folk","No","Yes",103,"Sometimes","Never","Very frequently","Very frequently","Rarely","Sometimes","Sometimes","Rarely","Rarely","Very frequently","Rarely","Sometimes","Rarely","Sometimes","Very frequently","Very frequently",10,10,7,8,"Improve"
"429",19,"Spotify",8,"Yes","No","No","Pop","Yes","Yes",99,"Rarely","Sometimes","Sometimes","Very frequently","Never","Very frequently","Never","Very frequently","Sometimes","Rarely","Rarely","Very frequently","Sometimes","Very frequently","Very frequently","Rarely",7,2,1,6,"Improve"
"430",56,"Apple Music",8,"Yes","No","No","Pop","Yes","No",117,"Sometimes","Rarely","Rarely","Sometimes","Never","Sometimes","Sometimes","Rarely","Rarely","Rarely","Sometimes","Sometimes","Sometimes","Sometimes","Sometimes","Never",6,4,1,0,"Improve"
"431",20,"Spotify",1,"No","No","No","EDM","Yes","No",102,"Rarely","Never","Very frequently","Never","Never","Sometimes","Never","Rarely","Rarely","Very frequently","Rarely","Very frequently","Never","Never","Never","Never",5,9,6,1,"Improve"
"432",19,"I do not use a streaming service.",1,"Yes","Yes","No","Video game music","No","No",127,"Very frequently","Never","Never","Rarely","Rarely","Sometimes","Sometimes","Rarely","Rarely","Very frequently","Never","Sometimes","Sometimes","Rarely","Rarely","Very frequently",7,5,7,0,"Improve"
"433",20,"Spotify",8,"Yes","No","No","Jazz","Yes","Yes",93,"Rarely","Sometimes","Rarely","Very frequently","Never","Sometimes","Very frequently","Rarely","Sometimes","Very frequently","Never","Sometimes","Rarely","Sometimes","Sometimes","Rarely",7,6,7,4,"Improve"
"434",65,"Apple Music",6,"Yes","No","No","R&B","No","Yes",146,"Rarely","Rarely","Never","Rarely","Rarely","Rarely","Rarely","Rarely","Sometimes","Never","Never","Sometimes","Very frequently","Never","Sometimes","Never",3,5,0,2,"No effect"
"435",18,"I do not use a streaming service.",4,"Yes","Yes","No","EDM","No","Yes",150,"Very frequently","Never","Very frequently","Never","Never","Never","Rarely","Never","Never","Rarely","Never","Sometimes","Never","Rarely","Rarely","Sometimes",8,7,10,6,"Improve"
"436",42,"Spotify",2,"Yes","No","No","Rock","No","Yes",85,"Rarely","Never","Never","Never","Never","Rarely","Never","Never","Never","Never","Never","Sometimes","Rarely","Rarely","Sometimes","Rarely",2,4,5,2,"Improve"
"437",80,"I do not use a streaming service.",3,"Yes","Yes","No","Classical","No","No",122,"Very frequently","Rarely","Never","Rarely","Never","Never","Rarely","Rarely","Never","Rarely","Rarely","Sometimes","Never","Never","Never","Sometimes",7,3,9,2,"Improve"
"438",56,"Other streaming service",2,"No","No","No","Jazz","Yes","Yes",120,"Sometimes","Never","Sometimes","Sometimes","Rarely","Never","Very frequently","Never","Rarely","Rarely","Rarely","Sometimes","Rarely","Never","Sometimes","Rarely",0,0,0,5,"No effect"
"439",20,"YouTube Music",1,"Yes","No","No","Pop","No","Yes",120,"Never","Never","Sometimes","Never","Never","Rarely","Sometimes","Very frequently","Rarely","Rarely","Never","Very frequently","Sometimes","Rarely","Rarely","Never",8,6,9,8,"Improve"
"440",15,"Spotify",1,"Yes","No","No","Video game music","Yes","Yes",150,"Never","Rarely","Sometimes","Never","Never","Sometimes","Rarely","Never","Never","Very frequently","Sometimes","Sometimes","Rarely","Rarely","Very frequently","Very frequently",4,2,3,2,"Improve"
"441",57,"Spotify",2,"Yes","Yes","No","Gospel","No","No",174,"Sometimes","Never","Never","Rarely","Very frequently","Never","Sometimes","Never","Rarely","Never","Never","Sometimes","Sometimes","Never","Rarely","Never",6,4,10,0,"Improve"
"442",22,"Apple Music",7,"Yes","No","No","Pop","Yes","Yes",112,"Never","Never","Sometimes","Rarely","Never","Very frequently","Never","Very frequently","Sometimes","Never","Never","Very frequently","Very frequently","Very frequently","Sometimes","Rarely",8,8,10,0,"Improve"
"443",17,"Spotify",5,"Yes","No","No","Pop","Yes","Yes",180,"Never","Never","Sometimes","Never","Never","Sometimes","Never","Very frequently","Rarely","Rarely","Never","Very frequently","Very frequently","Sometimes","Rarely","Rarely",5,5,5,5,"Improve"
"444",19,"Spotify",3,"Yes","No","No","Rock","No","No",121,"Never","Very frequently","Never","Rarely","Sometimes","Never","Never","Never","Never","Never","Rarely","Very frequently","Never","Sometimes","Very frequently","Sometimes",10,8,6,2,"No effect"
"445",50,"I do not use a streaming service.",1,"No","No","No","Rock","No","No",98,"Sometimes","Sometimes","Never","Never","Never","Very frequently","Sometimes","Rarely","Rarely","Never","Rarely","Very frequently","Sometimes","Sometimes","Very frequently","Never",0,0,7,0,"Improve"
"446",24,"Spotify",6,"Yes","Yes","Yes","Rock","Yes","Yes",118,"Never","Rarely","Sometimes","Very frequently","Never","Rarely","Rarely","Sometimes","Never","Rarely","Very frequently","Sometimes","Never","Rarely","Very frequently","Sometimes",8,8,10,0,"Improve"
"447",18,"Other streaming service",3,"Yes","Yes","Yes","Metal","Yes","No",135,"Sometimes","Sometimes","Never","Rarely","Rarely","Rarely","Never","Never","Never","Never","Very frequently","Never","Rarely","Rarely","Rarely","Never",7,8,4,10,"Improve"
"448",15,"Spotify",4,"Yes","Yes","No","Pop","Yes","No",105,"Never","Rarely","Never","Never","Sometimes","Rarely","Rarely","Rarely","Rarely","Sometimes","Rarely","Very frequently","Sometimes","Sometimes","Very frequently","Sometimes",3,5,4,0,"Improve"
"449",17,"Spotify",2,"Yes","Yes","No","Pop","Yes","Yes",122,"Rarely","Never","Never","Rarely","Never","Sometimes","Never","Very frequently","Rarely","Never","Never","Very frequently","Never","Sometimes","Never","Never",5,2,3,1,"Improve"
"450",18,"Spotify",2,"No","No","No","Rap","Yes","Yes",136,"Rarely","Never","Never","Never","Never","Very frequently","Rarely","Never","Never","Never","Rarely","Sometimes","Rarely","Very frequently","Rarely","Very frequently",6,3,4,2,"Improve"
"451",18,"Spotify",1,"Yes","Yes","Yes","Rock","Yes","No",165,"Sometimes","Never","Sometimes","Never","Never","Rarely","Rarely","Never","Never","Rarely","Very frequently","Sometimes","Never","Rarely","Very frequently","Rarely",5,6,8,2,"Improve"
"452",18,"Spotify",3,"Yes","No","No","K pop","Yes","Yes",130,"Sometimes","Never","Never","Never","Never","Sometimes","Never","Very frequently","Never","Rarely","Never","Sometimes","Very frequently","Rarely","Sometimes","Rarely",8,4,7,5,"Improve"
"453",18,"Spotify",2,"No","Yes","No","Rock","Yes","No",115,"Never","Never","Never","Never","Never","Rarely","Never","Never","Never","Never","Sometimes","Sometimes","Rarely","Rarely","Very frequently","Never",8,3,1,3,"Improve"
"454",17,"Other streaming service",6,"Yes","No","Yes","Rap","Yes","No",140,"Rarely","Never","Rarely","Never","Sometimes","Very frequently","Sometimes","Never","Never","Sometimes","Never","Sometimes","Sometimes","Very frequently","Rarely","Never",3,3,0,0,"Improve"
"455",34,"Spotify",3,"Yes","No","No","Classical","No","Yes",95,"Very frequently","Never","Never","Never","Never","Never","Rarely","Never","Never","Rarely","Sometimes","Rarely","Never","Never","Sometimes","Sometimes",0,0,0,0,"No effect"
"456",18,"YouTube Music",3,"Yes","No","No","Pop","No","No",150,"Rarely","Rarely","Sometimes","Rarely","Never","Very frequently","Rarely","Rarely","Never","Rarely","Rarely","Very frequently","Rarely","Very frequently","Rarely","Sometimes",5,4,2,0,"No effect"
"457",18,"Spotify",2,"Yes","No","No","R&B","Yes","No",97,"Never","Never","Never","Never","Sometimes","Very frequently","Rarely","Never","Rarely","Rarely","Never","Sometimes","Very frequently","Very frequently","Rarely","Never",2,4,0,0,"Improve"
"458",19,"Spotify",3,"Yes","No","No","Rock","Yes","Yes",122,"Sometimes","Rarely","Rarely","Sometimes","Rarely","Sometimes","Rarely","Rarely","Rarely","Rarely","Rarely","Sometimes","Rarely","Sometimes","Very frequently","Never",4,0,7,0,"No effect"
"459",25,"I do not use a streaming service.",4,"Yes","No","No","Pop","Yes","Yes",150,"Rarely","Never","Sometimes","Never","Never","Very frequently","Never","Rarely","Rarely","Rarely","Sometimes","Very frequently","Rarely","Very frequently","Very frequently","Rarely",10,8,6,2,"No effect"
"460",25,"Spotify",5,"Yes","Yes","No","Rock","Yes","No",125,"Sometimes","Sometimes","Rarely","Never","Never","Sometimes","Never","Rarely","Never","Rarely","Sometimes","Sometimes","Never","Sometimes","Very frequently","Sometimes",8,7,2,1,"Improve"
"461",18,"Spotify",2,"Yes","No","No","R&B","No","No",96,"Sometimes","Rarely","Never","Never","Never","Sometimes","Rarely","Never","Never","Very frequently","Rarely","Very frequently","Very frequently","Sometimes","Very frequently","Rarely",3,3,0,3,"Improve"
"462",24,"Spotify",7,"Yes","No","No","Folk","Yes","Yes",137,"Sometimes","Rarely","Rarely","Very frequently","Never","Rarely","Rarely","Never","Rarely","Sometimes","Rarely","Very frequently","Rarely","Rarely","Very frequently","Very frequently",10,10,8,10,"Improve"
"463",16,"Spotify",3,"Yes","Yes","No","K pop","No","Yes",174,"Rarely","Never","Sometimes","Never","Never","Rarely","Sometimes","Very frequently","Sometimes","Sometimes","Never","Very frequently","Rarely","Sometimes","Never","Never",10,2,7,8,"Improve"
"464",18,"Spotify",3,"No","Yes","Yes","Metal","Yes","No",210,"Never","Never","Never","Rarely","Never","Sometimes","Very frequently","Never","Rarely","Never","Very frequently","Rarely","Sometimes","Sometimes","Sometimes","Rarely",9,6,8,5,"Improve"
"465",18,"Spotify",4,"Yes","No","No","R&B","Yes","Yes",129,"Rarely","Rarely","Rarely","Never","Never","Very frequently","Sometimes","Never","Never","Rarely","Never","Very frequently","Very frequently","Very frequently","Very frequently","Rarely",6,4,1,6,"Improve"
"466",16,"Spotify",3,"Yes","No","No","Pop","Yes","No",112,"Very frequently","Never","Never","Never","Never","Rarely","Rarely","Never","Never","Never","Never","Very frequently","Very frequently","Never","Sometimes","Never",3,4,6,8,"Improve"
"467",21,"Spotify",1,"No","No","No","R&B","Yes","Yes",81,"Never","Never","Never","Never","Rarely","Very frequently","Never","Never","Never","Never","Never","Very frequently","Very frequently","Sometimes","Never","Never",3,0,0,0,"Improve"
"468",53,"Pandora",4,"Yes","No","No","R&B","Yes","Yes",153,"Rarely","Sometimes","Rarely","Rarely","Rarely","Very frequently","Rarely","Sometimes","Rarely","Never","Sometimes","Rarely","Sometimes","Sometimes","Sometimes","Rarely",1,0,0,0,"Improve"
"469",29,"Spotify",4,"Yes","No","No","Classical","Yes","No",120,"Very frequently","Never","Very frequently","Never","Never","Never","Sometimes","Never","Rarely","Rarely","Never","Sometimes","Never","Never","Rarely","Rarely",5,6,7,7,"No effect"
"470",18,"Spotify",4,"Yes","Yes","No","R&B","Yes","Yes",169,"Rarely","Sometimes","Very frequently","Never","Rarely","Very frequently","Rarely","Sometimes","Sometimes","Sometimes","Rarely","Sometimes","Very frequently","Sometimes","Rarely","Sometimes",3,0,3,4,"Improve"
"471",22,"Spotify",5,"Yes","No","No","EDM","Yes","Yes",138,"Never","Never","Very frequently","Never","Never","Very frequently","Never","Never","Never","Very frequently","Never","Very frequently","Very frequently","Very frequently","Very frequently","Sometimes",1,0,0,1,"No effect"
"472",19,"Other streaming service",6,"Yes","No","No","Pop","No","No",124,"Sometimes","Rarely","Rarely","Rarely","Very frequently","Sometimes","Rarely","Sometimes","Very frequently","Rarely","Rarely","Very frequently","Sometimes","Sometimes","Sometimes","Sometimes",6,6,0,0,"Improve"
"473",26,"I do not use a streaming service.",1,"No","No","No","Pop","No","No",192,"Never","Rarely","Sometimes","Sometimes","Never","Rarely","Rarely","Sometimes","Sometimes","Very frequently","Never","Very frequently","Rarely","Rarely","Sometimes","Never",6,4,0,0,"Improve"
"474",14,"Spotify",3,"Yes","No","No","Rock","Yes","No",76,"Never","Never","Never","Never","Never","Sometimes","Rarely","Never","Never","Never","Rarely","Sometimes","Never","Never","Very frequently","Sometimes",2,6,3,0,"Worsen"
"475",27,"Spotify",1,"Yes","No","No","Pop","Yes","Yes",119,"Rarely","Rarely","Rarely","Never","Rarely","Sometimes","Rarely","Very frequently","Never","Sometimes","Never","Very frequently","Sometimes","Sometimes","Sometimes","Very frequently",8,3,3,3,"Improve"
"476",26,"Spotify",8,"No","No","No","Rock","No","Yes",172,"Never","Sometimes","Sometimes","Very frequently","Never","Very frequently","Rarely","Very frequently","Never","Never","Sometimes","Sometimes","Very frequently","Very frequently","Very frequently","Very frequently",8,10,7,3,"No effect"
"477",59,"Other streaming service",1,"No","Yes","No","Rock","No","No",79,"Rarely","Never","Never","Rarely","Sometimes","Never","Rarely","Never","Rarely","Never","Never","Rarely","Rarely","Never","Very frequently","Never",1,0,0,1,"Improve"
"478",30,"Spotify",8,"Yes","Yes","Yes","Rock","Yes","No",112,"Sometimes","Sometimes","Never","Rarely","Never","Sometimes","Sometimes","Never","Sometimes","Sometimes","Rarely","Sometimes","Sometimes","Sometimes","Very frequently","Never",8,6,6,8,"Improve"
"479",27,"Spotify",1,"Yes","No","No","Pop","Yes","Yes",130,"Never","Rarely","Sometimes","Never","Never","Sometimes","Never","Rarely","Sometimes","Never","Never","Very frequently","Sometimes","Sometimes","Sometimes","Never",6,3,1,7,"Improve"
"480",18,"Apple Music",1,"No","Yes","No","Rap","Yes","Yes",116,"Rarely","Never","Never","Never","Never","Sometimes","Never","Never","Rarely","Sometimes","Never","Sometimes","Never","Very frequently","Never","Sometimes",2,0,3,0,"Improve"
"481",23,"I do not use a streaming service.",10,"Yes","Yes","Yes","Metal","No","Yes",165,"Never","Never","Never","Never","Never","Never","Never","Never","Never","Never","Very frequently","Never","Never","Never","Sometimes","Never",0,0,0,0,"No effect"
"482",18,"Spotify",10,"Yes","Yes","Yes","Rock","Yes","No",110,"Sometimes","Sometimes","Sometimes","Sometimes","Rarely","Sometimes","Sometimes","Sometimes","Rarely","Rarely","Very frequently","Very frequently","Sometimes","Sometimes","Very frequently","Never",10,10,6,6,"Improve"
"483",40,"Spotify",5,"Yes","No","No","Rock","Yes","Yes",174,"Sometimes","Sometimes","Sometimes","Sometimes","Never","Very frequently","Rarely","Rarely","Sometimes","Rarely","Sometimes","Very frequently","Sometimes","Very frequently","Very frequently","Rarely",3,0,0,1,"Improve"
"484",24,"Spotify",10,"Yes","No","No","Rock","Yes","Yes",180,"Sometimes","Never","Never","Rarely","Never","Never","Never","Never","Never","Rarely","Sometimes","Sometimes","Never","Never","Very frequently","Sometimes",7,9,10,0,"Improve"
"485",23,"Spotify",2,"Yes","Yes","No","Classical","Yes","Yes",171,"Very frequently","Never","Rarely","Rarely","Never","Never","Sometimes","Never","Rarely","Sometimes","Never","Very frequently","Rarely","Never","Very frequently","Never",8,7,6,2,"Improve"
"486",29,"Other streaming service",2,"Yes","No","No","R&B","Yes","No",70,"Rarely","Never","Very frequently","Never","Never","Very frequently","Rarely","Rarely","Sometimes","Sometimes","Never","Very frequently","Very frequently","Rarely","Never","Sometimes",10,7,9,3,"No effect"
"487",16,"Other streaming service",3,"Yes","No","No","Pop","No","Yes",120,"Never","Never","Never","Never","Never","Very frequently","Never","Very frequently","Never","Never","Never","Very frequently","Sometimes","Never","Never","Never",6,0,0,0,"Improve"
"488",18,"Spotify",8,"Yes","Yes","Yes","Gospel","Yes","Yes",56,"Rarely","Never","Rarely","Never","Very frequently","Sometimes","Sometimes","Never","Sometimes","Very frequently","Never","Sometimes","Very frequently","Sometimes","Never","Sometimes",3,0,2,2,"Improve"
"489",21,"Spotify",8,"Yes","No","No","Lofi","Yes","Yes",162,"Very frequently","Very frequently","Very frequently","Very frequently","Very frequently","Very frequently","Very frequently","Very frequently","Very frequently","Very frequently","Very frequently","Very frequently","Very frequently","Very frequently","Very frequently","Very frequently",6,5,9,8,"Improve"
"490",32,"Spotify",8,"Yes","No","No","Rock","Yes","No",101,"Never","Never","Never","Rarely","Never","Sometimes","Never","Never","Never","Never","Sometimes","Rarely","Rarely","Sometimes","Very frequently","Sometimes",7,6,5,8,"Improve"
"491",22,"YouTube Music",8,"Yes","Yes","No","Metal","Yes","No",110,"Sometimes","Never","Sometimes","Rarely","Rarely","Rarely","Sometimes","Never","Never","Never","Very frequently","Rarely","Rarely","Never","Very frequently","Very frequently",10,7,8,6,"Improve"
"492",17,"Spotify",12,"Yes","Yes","No","Latin","Yes","No",172,"Very frequently","Never","Rarely","Rarely","Sometimes","Very frequently","Never","Rarely","Very frequently","Rarely","Sometimes","Rarely","Never","Very frequently","Very frequently","Sometimes",0,3,9,5,"No effect"
"493",18,"Spotify",6,"Yes","No","No","EDM","Yes","Yes",90,"Rarely","Never","Very frequently","Never","Never","Sometimes","Rarely","Very frequently","Very frequently","Very frequently","Never","Very frequently","Very frequently","Very frequently","Rarely","Sometimes",0,2,1,5,"Improve"
"494",18,"Spotify",4,"Yes","Yes","No","R&B","No","Yes",135,"Sometimes","Rarely","Sometimes","Never","Sometimes","Sometimes","Never","Very frequently","Very frequently","Rarely","Never","Sometimes","Very frequently","Very frequently","Never","Rarely",2,0,0,0,"No effect"
"495",24,"Spotify",8,"Yes","No","No","Jazz","Yes","No",81,"Very frequently","Never","Rarely","Never","Never","Very frequently","Very frequently","Never","Rarely","Very frequently","Never","Rarely","Sometimes","Sometimes","Very frequently","Rarely",2,2,4,0,"No effect"
"496",21,"Spotify",2,"No","No","No","Pop","No","No",170,"Rarely","Never","Never","Never","Rarely","Sometimes","Never","Never","Never","Sometimes","Sometimes","Very frequently","Sometimes","Sometimes","Very frequently","Sometimes",5,6,3,4,"No effect"
"497",46,"I do not use a streaming service.",1,"No","No","No","Rock","No","No",120,"Never","Sometimes","Never","Never","Never","Never","Never","Never","Never","Never","Never","Sometimes","Never","Never","Sometimes","Never",0,0,1,0,"No effect"
"498",18,"Spotify",2,"Yes","Yes","No","Hip hop","Yes","No",90,"Never","Never","Never","Never","Sometimes","Very frequently","Never","Never","Never","Sometimes","Never","Sometimes","Very frequently","Very frequently","Never","Never",5,4,3,7,"Improve"
"499",16,"Spotify",3,"Yes","Yes","No","K pop","Yes","Yes",115,"Rarely","Never","Rarely","Never","Never","Very frequently","Very frequently","Very frequently","Never","Sometimes","Never","Very frequently","Very frequently","Very frequently","Very frequently","Sometimes",2,7,0,0,"Improve"
"500",56,"I do not use a streaming service.",2,"Yes","No","No","Rock","No","Yes",220,"Rarely","Never","Never","Never","Never","Never","Never","Never","Never","Never","Very frequently","Never","Never","Rarely","Very frequently","Never",3,3,1,8,"No effect"
"501",21,"Spotify",12,"Yes","No","No","Rock","Yes","Yes",160,"Sometimes","Rarely","Very frequently","Rarely","Rarely","Sometimes","Sometimes","Rarely","Never","Sometimes","Very frequently","Sometimes","Rarely","Sometimes","Very frequently","Rarely",7,10,4,7,"Worsen"
"502",20,"Spotify",1,"Yes","No","No","Pop","Yes","No",121,"Rarely","Never","Never","Very frequently","Never","Rarely","Rarely","Rarely","Never","Sometimes","Rarely","Very frequently","Rarely","Rarely","Very frequently","Never",3,2,3,0,"Improve"
"503",21,"Apple Music",1,"Yes","No","No","Rock","No","No",105,"Sometimes","Never","Rarely","Never","Never","Rarely","Rarely","Never","Never","Never","Rarely","Sometimes","Never","Never","Very frequently","Rarely",5,1,1,9,"Improve"
"504",25,"Spotify",3,"Yes","No","No","Rock","No","No",110,"Never","Rarely","Never","Sometimes","Never","Never","Never","Never","Never","Sometimes","Never","Rarely","Never","Never","Very frequently","Sometimes",8,9,4,10,"Improve"
"505",33,"Spotify",2,"Yes","No","No","Metal","Yes","Yes",134,"Rarely","Never","Never","Sometimes","Never","Sometimes","Rarely","Never","Never","Never","Very frequently","Sometimes","Sometimes","Sometimes","Very frequently","Sometimes",4,8,0,0,"Improve"
"506",20,"Spotify",2,"Yes","No","No","Rock","Yes","Yes",148,"Rarely","Rarely","Rarely","Rarely","Never","Sometimes","Sometimes","Rarely","Sometimes","Sometimes","Very frequently","Very frequently","Sometimes","Sometimes","Very frequently","Rarely",7,9,7,0,"Improve"
"507",17,"Spotify",3,"Yes","Yes","No","Rock","Yes","No",120,"Sometimes","Sometimes","Sometimes","Never","Never","Never","Never","Rarely","Never","Rarely","Very frequently","Very frequently","Never","Rarely","Very frequently","Never",1,5,6,4,"No effect"
"508",24,"YouTube Music",1,"No","No","No","Jazz","Yes","Yes",122,"Rarely","Never","Sometimes","Rarely","Never","Never","Sometimes","Rarely","Never","Rarely","Rarely","Sometimes","Rarely","Never","Sometimes","Very frequently",3,2,1,0,"No effect"
"509",26,"Spotify",3,"Yes","Yes","Yes","Jazz","Yes","Yes",90,"Rarely","Rarely","Rarely","Rarely","Never","Sometimes","Very frequently","Never","Sometimes","Rarely","Very frequently","Rarely","Sometimes","Rarely","Very frequently","Rarely",6,8,0,0,"Improve"
"510",17,"YouTube Music",3,"Yes","No","No","Rock","No","No",122,"Rarely","Rarely","Never","Rarely","Never","Rarely","Rarely","Never","Never","Rarely","Very frequently","Sometimes","Never","Sometimes","Very frequently","Very frequently",6,3,6,0,"Improve"
"511",16,"Spotify",5,"Yes","Yes","Yes","Metal","Yes","Yes",129,"Sometimes","Never","Never","Rarely","Never","Rarely","Sometimes","Never","Never","Rarely","Very frequently","Sometimes","Never","Sometimes","Very frequently","Sometimes",7,4,8,0,"Improve"
"512",27,"Spotify",8,"Yes","No","No","Metal","Yes","No",132,"Never","Never","Rarely","Never","Never","Sometimes","Never","Never","Never","Never","Very frequently","Very frequently","Very frequently","Rarely","Sometimes","Never",2,6,9,1,"No effect"
"513",28,"Spotify",4,"Yes","No","No","Hip hop","Yes","Yes",178,"Rarely","Sometimes","Sometimes","Rarely","Never","Very frequently","Never","Never","Very frequently","Sometimes","Rarely","Very frequently","Rarely","Very frequently","Sometimes","Rarely",8,5,3,8,"Improve"
"514",19,"Spotify",3,"Yes","No","No","Rap","No","Yes",115,"Never","Never","Rarely","Rarely","Never","Sometimes","Never","Rarely","Never","Very frequently","Sometimes","Very frequently","Sometimes","Very frequently","Sometimes","Sometimes",7,5,3,3,"Improve"
"515",21,"YouTube Music",4,"Yes","No","No","Rock","Yes","Yes",137,"Sometimes","Very frequently","Rarely","Very frequently","Never","Sometimes","Never","Never","Never","Rarely","Sometimes","Very frequently","Sometimes","Sometimes","Very frequently","Rarely",4,8,2,3,"Improve"
"516",21,"I do not use a streaming service.",1,"Yes","Yes","No","Classical","No","No",92,"Very frequently","Never","Never","Never","Never","Never","Never","Never","Never","Never","Never","Never","Never","Never","Never","Rarely",3,0,0,5,"Improve"
"517",15,"Spotify",4,"Yes","No","No","Metal","Yes","Yes",140,"Rarely","Never","Sometimes","Rarely","Never","Rarely","Never","Rarely","Never","Never","Very frequently","Sometimes","Sometimes","Sometimes","Very frequently","Rarely",10,7,3,2,"Improve"
"518",20,"Spotify",1,"No","No","No","Rock","Yes","Yes",130,"Sometimes","Sometimes","Rarely","Very frequently","Rarely","Rarely","Very frequently","Never","Never","Never","Never","Very frequently","Rarely","Rarely","Very frequently","Never",10,4,8,0,"Improve"
"519",22,"Spotify",6,"Yes","No","No","Folk","Yes","No",63,"Never","Rarely","Sometimes","Very frequently","Never","Rarely","Rarely","Never","Sometimes","Sometimes","Never","Rarely","Rarely","Rarely","Very frequently","Sometimes",8,7,7,3,"Improve"
"520",22,"Spotify",2,"No","No","No","Rock","No","No",119,"Rarely","Never","Never","Never","Never","Rarely","Rarely","Rarely","Never","Never","Very frequently","Very frequently","Never","Never","Very frequently","Sometimes",10,5,2,8,"Improve"
"521",20,"YouTube Music",4,"Yes","Yes","No","Metal","Yes","No",180,"Rarely","Sometimes","Never","Never","Never","Never","Rarely","Never","Never","Never","Very frequently","Never","Never","Never","Very frequently","Sometimes",5,2,1,6,"Improve"
"522",49,"I do not use a streaming service.",8,"Yes","Yes","Yes","Classical","No","No",68,"Very frequently","Never","Never","Never","Never","Never","Rarely","Never","Never","Never","Rarely","Rarely","Never","Never","Rarely","Never",4,8,9,1,"Improve"
"523",42,"Spotify",2,"Yes","No","No","Metal","Yes","Yes",85,"Sometimes","Rarely","Never","Never","Rarely","Rarely","Never","Sometimes","Sometimes","Rarely","Very frequently","Very frequently","Sometimes","Never","Very frequently","Very frequently",7,8,5,3,"Improve"
"524",26,"Spotify",2,"Yes","No","No","EDM","Yes","Yes",128,"Rarely","Sometimes","Very frequently","Sometimes","Never","Sometimes","Rarely","Never","Sometimes","Rarely","Rarely","Sometimes","Rarely","Sometimes","Very frequently","Never",2,2,0,3,"No effect"
"525",17,"Spotify",10,"Yes","No","Yes","K pop","Yes","Yes",150,"Rarely","Sometimes","Rarely","Rarely","Never","Very frequently","Never","Very frequently","Rarely","Sometimes","Very frequently","Very frequently","Sometimes","Very frequently","Very frequently","Sometimes",10,3,0,4,"Improve"
"526",23,"Spotify",6,"Yes","No","No","Folk","Yes","Yes",92,"Sometimes","Sometimes","Rarely","Sometimes","Never","Sometimes","Sometimes","Sometimes","Rarely","Rarely","Rarely","Sometimes","Sometimes","Sometimes","Sometimes","Rarely",3,7,7,4,"No effect"
"527",30,"Apple Music",3,"Yes","No","No","EDM","Yes","Yes",121,"Rarely","Never","Very frequently","Never","Rarely","Sometimes","Never","Very frequently","Never","Never","Rarely","Very frequently","Sometimes","Sometimes","Sometimes","Never",7,5,7,7,"Improve"
"528",31,"Spotify",2,"Yes","No","No","Metal","No","Yes",155,"Rarely","Sometimes","Never","Very frequently","Never","Rarely","Rarely","Never","Never","Never","Very frequently","Very frequently","Very frequently","Rarely","Very frequently","Sometimes",7,4,8,8,"Improve"
"529",42,"Other streaming service",0.25,"No","Yes","No","Classical","Yes","Yes",150,"Very frequently","Rarely","Never","Never","Never","Never","Sometimes","Never","Rarely","Never","Rarely","Sometimes","Rarely","Rarely","Sometimes","Never",7,9,4,5,"Improve"
"530",34,"YouTube Music",2,"No","No","No","Metal","Yes","No",136,"Sometimes","Rarely","Never","Sometimes","Never","Rarely","Rarely","Rarely","Rarely","Never","Very frequently","Sometimes","Rarely","Rarely","Very frequently","Never",5,9,9,6,"Improve"
"531",21,"YouTube Music",2,"Yes","No","No","Pop","Yes","No",121,"Sometimes","Never","Very frequently","Rarely","Never","Rarely","Rarely","Rarely","Sometimes","Rarely","Sometimes","Very frequently","Very frequently","Rarely","Sometimes","Sometimes",5,4,10,7,"No effect"
"532",27,"YouTube Music",3,"Yes","No","No","Pop","No","No",113,"Rarely","Rarely","Rarely","Rarely","Never","Very frequently","Rarely","Rarely","Rarely","Rarely","Rarely","Very frequently","Very frequently","Sometimes","Sometimes","Rarely",7,2,0,1,"Improve"
"533",18,"Spotify",6,"Yes","No","No","Folk","Yes","Yes",80,"Never","Very frequently","Very frequently","Very frequently","Sometimes","Sometimes","Rarely","Rarely","Rarely","Sometimes","Sometimes","Very frequently","Sometimes","Sometimes","Very frequently","Sometimes",8,6,0,2,"Improve"
"534",26,"Spotify",3,"No","No","No","Metal","Yes","No",140,"Rarely","Very frequently","Never","Very frequently","Rarely","Sometimes","Sometimes","Never","Never","Rarely","Very frequently","Rarely","Rarely","Sometimes","Very frequently","Rarely",1,3,10,0,"No effect"
"535",37,"Spotify",2,"Yes","No","No","Rock","Yes","No",100,"Never","Never","Never","Never","Never","Rarely","Never","Never","Never","Never","Sometimes","Sometimes","Rarely","Rarely","Sometimes","Never",8,10,10,2,"Worsen"
"536",26,"Spotify",5,"Yes","Yes","No","Folk","Yes","Yes",92,"Sometimes","Rarely","Rarely","Very frequently","Never","Very frequently","Very frequently","Never","Rarely","Rarely","Sometimes","Sometimes","Sometimes","Very frequently","Very frequently","Rarely",4,7,6,0,"No effect"
"537",19,"Spotify",4,"No","No","No","Pop","No","Yes",120,"Never","Never","Sometimes","Never","Never","Sometimes","Sometimes","Sometimes","Sometimes","Rarely","Never","Very frequently","Sometimes","Sometimes","Sometimes","Sometimes",9,6,3,0,"No effect"
"538",22,"Spotify",4,"Yes","No","No","Rock","Yes","No",93,"Never","Rarely","Never","Never","Never","Rarely","Never","Never","Never","Rarely","Sometimes","Very frequently","Rarely","Rarely","Very frequently","Very frequently",10,7,4,4,"Improve"
"539",24,"I do not use a streaming service.",12,"Yes","Yes","Yes","Rock","Yes","No",136,"Sometimes","Rarely","Never","Sometimes","Rarely","Rarely","Rarely","Never","Rarely","Never","Very frequently","Very frequently","Rarely","Rarely","Very frequently","Very frequently",7,10,0,8,"Improve"
"540",21,"I do not use a streaming service.",0.5,"No","No","No","Pop","No","No",108,"Never","Never","Never","Never","Never","Never","Never","Sometimes","Never","Never","Never","Sometimes","Never","Never","Never","Never",10,2,1,10,"Worsen"
"541",28,"I do not use a streaming service.",1,"Yes","No","No","Rock","No","No",147,"Rarely","Rarely","Never","Rarely","Never","Never","Never","Never","Never","Never","Never","Sometimes","Never","Never","Sometimes","Never",2,1,2,2,"Improve"
"542",23,"YouTube Music",3,"Yes","No","No","R&B","Yes","Yes",93,"Very frequently","Never","Never","Very frequently","Never","Very frequently","Very frequently","Never","Rarely","Very frequently","Rarely","Very frequently","Very frequently","Very frequently","Sometimes","Rarely",3,10,0,0,"No effect"
"543",20,"Apple Music",12,"No","No","No","Rock","Yes","Yes",98,"Never","Sometimes","Rarely","Sometimes","Sometimes","Sometimes","Sometimes","Rarely","Never","Never","Sometimes","Very frequently","Sometimes","Sometimes","Very frequently","Sometimes",7,10,2,0,"Improve"
"544",17,"Spotify",4,"Yes","Yes","Yes","Metal","No","No",120,"Never","Rarely","Very frequently","Never","Never","Never","Rarely","Never","Never","Rarely","Very frequently","Sometimes","Never","Never","Very frequently","Sometimes",4,2,0,0,"Improve"
"545",19,"Spotify",3,"Yes","No","No","R&B","No","No",130,"Rarely","Rarely","Rarely","Rarely","Rarely","Rarely","Rarely","Rarely","Never","Never","Never","Sometimes","Sometimes","Sometimes","Sometimes","Rarely",4,2,5,3,"Improve"
"546",32,"Spotify",1,"Yes","No","No","Metal","Yes","Yes",218,"Sometimes","Sometimes","Sometimes","Sometimes","Never","Rarely","Never","Very frequently","Rarely","Never","Very frequently","Rarely","Rarely","Sometimes","Very frequently","Rarely",6,8,7,0,"Improve"
"547",18,"YouTube Music",4,"No","No","No","Folk","Yes","Yes",123,"Sometimes","Very frequently","Sometimes","Very frequently","Rarely","Sometimes","Sometimes","Never","Never","Sometimes","Very frequently","Very frequently","Rarely","Rarely","Very frequently","Very frequently",8,6,4,0,"Improve"
"548",20,"Other streaming service",2,"Yes","Yes","Yes","Rock","Yes","No",135,"Sometimes","Rarely","Never","Rarely","Never","Never","Rarely","Rarely","Never","Never","Never","Very frequently","Never","Never","Very frequently","Sometimes",2,2,0,0,"No effect"
"549",27,"Spotify",3,"Yes","No","No","Rock","Yes","Yes",105,"Rarely","Never","Very frequently","Rarely","Never","Rarely","Rarely","Never","Never","Very frequently","Very frequently","Rarely","Rarely","Rarely","Very frequently","Very frequently",8,7,9,3,"Improve"
"550",24,"Spotify",2,"Yes","No","No","Pop","Yes","Yes",115,"Never","Never","Never","Never","Never","Sometimes","Rarely","Rarely","Never","Rarely","Never","Very frequently","Very frequently","Sometimes","Rarely","Rarely",6,6,3,6,"Improve"
"551",20,"Spotify",1,"Yes","No","No","K pop","Yes","Yes",120,"Sometimes","Never","Rarely","Never","Sometimes","Never","Rarely","Very frequently","Never","Sometimes","Never","Very frequently","Sometimes","Never","Rarely","Never",8,7,1,1,"No effect"
"552",16,"Spotify",2,"Yes","No","No","Video game music","No","No",149,"Very frequently","Never","Never","Never","Never","Never","Never","Never","Never","Never","Never","Rarely","Never","Rarely","Never","Very frequently",6,2,4,3,"Improve"
"553",21,"Spotify",11,"Yes","Yes","Yes","Metal","Yes","Yes",125,"Rarely","Rarely","Sometimes","Rarely","Rarely","Very frequently","Sometimes","Rarely","Rarely","Very frequently","Very frequently","Very frequently","Sometimes","Very frequently","Very frequently","Very frequently",5,6,6,0,"Improve"
"554",27,"Spotify",10,"Yes","Yes","Yes","Jazz","Yes","Yes",132,"Very frequently","Never","Never","Very frequently","Rarely","Rarely","Very frequently","Rarely","Rarely","Sometimes","Sometimes","Sometimes","Sometimes","Rarely","Sometimes","Sometimes",6,10,8,1,"Improve"
"555",17,"Spotify",5,"Yes","Yes","No","Rock","Yes","No",110,"Very frequently","Rarely","Rarely","Sometimes","Rarely","Very frequently","Very frequently","Never","Rarely","Very frequently","Sometimes","Sometimes","Very frequently","Very frequently","Very frequently","Sometimes",7,3,9,7,"Improve"
"556",21,"Spotify",1.5,"Yes","Yes","No","Classical","Yes","Yes",110,"Very frequently","Rarely","Very frequently","Very frequently","Sometimes","Sometimes","Very frequently","Never","Rarely","Sometimes","Rarely","Very frequently","Rarely","Sometimes","Sometimes","Sometimes",4,6,0,0,"No effect"
"557",17,"Spotify",2,"Yes","No","No","Folk","Yes","Yes",116,"Very frequently","Sometimes","Never","Very frequently","Sometimes","Rarely","Very frequently","Never","Sometimes","Sometimes","Never","Very frequently","Rarely","Never","Sometimes","Rarely",9,4,0,1,"Improve"
"558",21,"Spotify",3,"No","No","No","Rap","Yes","Yes",145,"Sometimes","Never","Never","Rarely","Never","Very frequently","Never","Never","Never","Sometimes","Rarely","Sometimes","Sometimes","Very frequently","Rarely","Sometimes",9,7,7,5,"Improve"
"559",36,"YouTube Music",3,"Yes","No","No","Country","No","Yes",105,"Very frequently","Very frequently","Sometimes","Never","Never","Rarely","Never","Very frequently","Sometimes","Never","Never","Rarely","Sometimes","Never","Never","Never",1,0,1,0,"Improve"
"560",18,"Spotify",4,"No","No","No","R&B","Yes","Yes",80,"Rarely","Never","Rarely","Never","Sometimes","Very frequently","Never","Very frequently","Never","Rarely","Never","Very frequently","Very frequently","Very frequently","Never","Never",8,7,2,6,"Improve"
"561",18,"Spotify",1,"No","No","No","K pop","No","Yes",100,"Never","Never","Rarely","Never","Never","Very frequently","Never","Very frequently","Never","Sometimes","Never","Sometimes","Sometimes","Rarely","Rarely","Never",5,1,4,0,"Improve"
"562",18,"Apple Music",5,"Yes","Yes","No","Latin","Yes","Yes",73,"Very frequently","Sometimes","Rarely","Never","Never","Sometimes","Rarely","Sometimes","Very frequently","Sometimes","Never","Very frequently","Sometimes","Rarely","Sometimes","Never",10,6,0,0,"Improve"
"563",18,"Apple Music",2,"Yes","No","No","R&B","Yes","No",80,"Never","Never","Never","Never","Never","Sometimes","Never","Very frequently","Never","Never","Never","Very frequently","Very frequently","Very frequently","Never","Never",7,5,5,5,"Improve"
"564",18,"I do not use a streaming service.",1,"Yes","No","No","Classical","No","No",120,"Sometimes","Sometimes","Rarely","Rarely","Rarely","Sometimes","Sometimes","Rarely","Rarely","Very frequently","Never","Rarely","Rarely","Rarely","Rarely","Rarely",2,0,0,5,"No effect"
"565",18,"I do not use a streaming service.",1,"No","Yes","No","Classical","No","No",117,"Very frequently","Never","Sometimes","Never","Never","Sometimes","Rarely","Never","Never","Never","Never","Sometimes","Never","Rarely","Never","Rarely",7,0,0,0,"No effect"
"566",20,"Spotify",6,"Yes","No","No","R&B","Yes","Yes",89,"Rarely","Never","Never","Rarely","Never","Sometimes","Never","Sometimes","Sometimes","Sometimes","Never","Very frequently","Very frequently","Very frequently","Never","Rarely",4,1,1,0,"Improve"
"567",19,"Spotify",3,"Yes","No","No","Hip hop","Yes","No",115,"Sometimes","Never","Rarely","Never","Never","Very frequently","Rarely","Rarely","Never","Sometimes","Never","Very frequently","Very frequently","Very frequently","Never","Rarely",3,8,0,2,"Improve"
"568",17,"Spotify",4,"Yes","No","No","Hip hop","Yes","No",144,"Sometimes","Never","Never","Never","Never","Very frequently","Never","Never","Never","Very frequently","Never","Sometimes","Never","Very frequently","Never","Never",7,0,2,2,"Improve"
"569",23,"Spotify",4,"Yes","No","No","Video game music","Yes","Yes",105,"Rarely","Rarely","Very frequently","Rarely","Rarely","Rarely","Rarely","Rarely","Never","Very frequently","Sometimes","Sometimes","Sometimes","Sometimes","Sometimes","Very frequently",10,8,10,0,"Improve"
"570",18,"YouTube Music",1,"Yes","Yes","Yes","Pop","Yes","No",114,"Never","Rarely","Never","Sometimes","Rarely","Rarely","Never","Sometimes","Never","Sometimes","Never","Very frequently","Rarely","Sometimes","Sometimes","Never",7,1,1,1,"Improve"
"571",19,"Spotify",2,"Yes","Yes","No","Pop","Yes","Yes",145,"Rarely","Never","Sometimes","Never","Never","Never","Never","Sometimes","Never","Never","Rarely","Very frequently","Never","Rarely","Sometimes","Sometimes",5,9,1,7,"No effect"
"572",89,"Spotify",24,"Yes","Yes","Yes","Rap","No","No",143,"Never","Never","Rarely","Rarely","Never","Very frequently","Sometimes","Never","Never","Rarely","Rarely","Rarely","Sometimes","Very frequently","Rarely","Never",0,0,0,0,"No effect"
"573",20,"Spotify",5,"Yes","Yes","Yes","R&B","Yes","Yes",128,"Very frequently","Sometimes","Never","Sometimes","Never","Very frequently","Rarely","Very frequently","Very frequently","Very frequently","Never","Very frequently","Very frequently","Very frequently","Very frequently","Sometimes",10,6,3,8,"Improve"
"574",16,"Spotify",3,"No","Yes","No","Rock","Yes","Yes",90,"Rarely","Never","Never","Rarely","Never","Sometimes","Sometimes","Never","Sometimes","Never","Never","Never","Sometimes","Sometimes","Very frequently","Never",7,3.5,3.5,5.5,"Improve"
"575",17,"Spotify",4,"Yes","Yes","Yes","Country","Yes","Yes",110,"Sometimes","Very frequently","Never","Never","Never","Rarely","Sometimes","Very frequently","Rarely","Sometimes","Never","Very frequently","Rarely","Rarely","Sometimes","Never",2,0,0,2,"Improve"
"576",16,"Spotify",9,"Yes","No","No","Metal","No","Yes",130,"Rarely","Never","Never","Rarely","Never","Never","Never","Rarely","Rarely","Never","Very frequently","Sometimes","Rarely","Rarely","Very frequently","Never",10,10,10,8,"Improve"
"577",30,"YouTube Music",1,"Yes","Yes","No","Rock","Yes","Yes",115,"Sometimes","Rarely","Rarely","Rarely","Rarely","Rarely","Rarely","Sometimes","Never","Sometimes","Sometimes","Very frequently","Rarely","Rarely","Very frequently","Sometimes",9,7,8,4,"Improve"
"578",37,"Spotify",2,"Yes","No","No","Folk","Yes","No",186,"Sometimes","Sometimes","Never","Sometimes","Never","Rarely","Sometimes","Never","Never","Never","Rarely","Sometimes","Rarely","Rarely","Sometimes","Sometimes",6,4,5,0,"Improve"
"579",44,"YouTube Music",1.5,"No","No","No","Folk","No","No",99,"Rarely","Very frequently","Never","Very frequently","Rarely","Sometimes","Never","Never","Never","Never","Never","Rarely","Rarely","Sometimes","Sometimes","Never",8,5,9,4,"Improve"
"580",21,"Spotify",2,"Yes","Yes","No","Metal","Yes","Yes",150,"Never","Rarely","Rarely","Never","Never","Never","Never","Never","Never","Never","Very frequently","Rarely","Never","Sometimes","Very frequently","Rarely",3,7,0,0,"Improve"
"581",19,"Spotify",4,"Yes","Yes","No","Pop","Yes","No",149,"Sometimes","Sometimes","Never","Rarely","Never","Never","Never","Never","Never","Sometimes","Never","Very frequently","Never","Never","Never","Never",9,1,0,9,"Improve"
"582",26,"Spotify",1,"No","No","No","Country","Yes","No",120,"Sometimes","Very frequently","Sometimes","Rarely","Never","Rarely","Never","Never","Never","Never","Rarely","Sometimes","Never","Never","Sometimes","Rarely",4,1,1,6,"Improve"
"583",18,"Spotify",3,"Yes","No","No","Video game music","Yes","Yes",140,"Sometimes","Never","Never","Never","Never","Rarely","Sometimes","Never","Never","Rarely","Rarely","Rarely","Rarely","Rarely","Sometimes","Very frequently",6,5,3,1,"No effect"
"584",35,"Spotify",4,"Yes","Yes","Yes","Hip hop","Yes","No",90,"Sometimes","Rarely","Rarely","Sometimes","Never","Very frequently","Very frequently","Never","Sometimes","Very frequently","Rarely","Very frequently","Very frequently","Very frequently","Sometimes","Very frequently",7,8,6,5,"Improve"
"585",16,"Spotify",8,"Yes","Yes","Yes","Rock","Yes","No",120,"Very frequently","Never","Rarely","Sometimes","Never","Never","Rarely","Rarely","Rarely","Rarely","Rarely","Sometimes","Rarely","Never","Very frequently","Sometimes",8,9,5,10,"Improve"
"586",19,"Spotify",5,"Yes","No","No","Metal","Yes","Yes",210,"Never","Never","Very frequently","Never","Never","Rarely","Never","Never","Never","Never","Very frequently","Rarely","Never","Rarely","Very frequently","Sometimes",8,6,7,0,"Improve"
"587",17,"YouTube Music",8,"Yes","No","No","Pop","Yes","Yes",95,"Rarely","Never","Very frequently","Never","Never","Sometimes","Rarely","Never","Never","Very frequently","Never","Very frequently","Never","Rarely","Rarely","Very frequently",5,2,4,7,"No effect"
"588",29,"Apple Music",1,"No","No","No","Country","Yes","No",163,"Sometimes","Very frequently","Never","Sometimes","Sometimes","Sometimes","Rarely","Never","Rarely","Never","Rarely","Sometimes","Rarely","Rarely","Very frequently","Never",9,3,2,0,"No effect"
"589",21,"Spotify",4,"Yes","Yes","Yes","Pop","No","No",97,"Rarely","Sometimes","Never","Sometimes","Sometimes","Rarely","Sometimes","Never","Never","Never","Never","Sometimes","Sometimes","Rarely","Sometimes","Never",4,6,3,4,"Improve"
"590",17,"Spotify",1,"No","No","No","Metal","Yes","Yes",137,"Sometimes","Never","Never","Rarely","Never","Rarely","Rarely","Rarely","Sometimes","Rarely","Very frequently","Sometimes","Never","Rarely","Very frequently","Rarely",9,8,4,0,"Improve"
"591",17,"Spotify",1,"Yes","Yes","No","Metal","Yes","Yes",70,"Rarely","Never","Rarely","Sometimes","Never","Never","Never","Never","Very frequently","Very frequently","Very frequently","Sometimes","Never","Never","Very frequently","Very frequently",8,3,9,2,"No effect"
"592",22,"Spotify",3,"Yes","No","No","Video game music","Yes","Yes",150,"Rarely","Rarely","Sometimes","Sometimes","Never","Rarely","Sometimes","Rarely","Rarely","Rarely","Sometimes","Very frequently","Rarely","Rarely","Sometimes","Very frequently",10,10,6,8,"Improve"
"593",17,"Spotify",5,"Yes","No","No","Hip hop","Yes","No",168,"Rarely","Sometimes","Very frequently","Never","Sometimes","Very frequently","Never","Sometimes","Never","Sometimes","Rarely","Very frequently","Very frequently","Very frequently","Rarely","Rarely",7,7,5,5,"Improve"
"594",19,"Spotify",5,"Yes","Yes","No","Pop","Yes","Yes",163,"Very frequently","Sometimes","Rarely","Never","Rarely","Rarely","Rarely","Very frequently","Sometimes","Very frequently","Rarely","Very frequently","Rarely","Rarely","Sometimes","Rarely",10,8,1,0,"Improve"
"595",19,"Spotify",4,"Yes","No","No","Pop","Yes","Yes",140,"Sometimes","Rarely","Sometimes","Never","Never","Sometimes","Sometimes","Rarely","Rarely","Sometimes","Sometimes","Very frequently","Sometimes","Sometimes","Sometimes","Sometimes",8,6,2,0,"Improve"
"596",16,"Spotify",6,"Yes","No","No","Pop","Yes","Yes",105,"Rarely","Rarely","Sometimes","Rarely","Never","Very frequently","Sometimes","Very frequently","Very frequently","Rarely","Never","Very frequently","Very frequently","Very frequently","Never","Never",10,7,6,10,"Improve"
"597",19,"Spotify",6,"Yes","No","No","Pop","Yes","Yes",78,"Rarely","Rarely","Rarely","Never","Never","Sometimes","Sometimes","Sometimes","Rarely","Sometimes","Never","Very frequently","Rarely","Rarely","Rarely","Sometimes",6,6,8,0,"Improve"
"598",13,"Spotify",1,"Yes","No","No","Video game music","Yes","No",128,"Rarely","Sometimes","Never","Rarely","Never","Very frequently","Rarely","Rarely","Rarely","Very frequently","Very frequently","Very frequently","Never","Sometimes","Sometimes","Very frequently",10,10,8,4,"Worsen"
"599",18,"Apple Music",18,"Yes","No","No","EDM","Yes","No",90,"Sometimes","Rarely","Very frequently","Never","Rarely","Sometimes","Sometimes","Never","Never","Sometimes","Sometimes","Rarely","Sometimes","Sometimes","Sometimes","Sometimes",9,8,5,10,"Improve"
"600",26,"YouTube Music",1,"Yes","No","No","Metal","Yes","Yes",136,"Sometimes","Rarely","Sometimes","Very frequently","Never","Never","Rarely","Never","Never","Rarely","Very frequently","Rarely","Never","Never","Never","Rarely",0,0,0,0,"No effect"
"601",14,"Other streaming service",7,"Yes","Yes","No","Country","Yes","No",108,"Rarely","Very frequently","Sometimes","Sometimes","Very frequently","Sometimes","Never","Never","Never","Rarely","Sometimes","Very frequently","Sometimes","Sometimes","Very frequently","Rarely",7,3,1,2,"Improve"
"602",21,"I do not use a streaming service.",0.5,"No","No","No","Pop","Yes","No",95,"Never","Rarely","Sometimes","Never","Never","Sometimes","Rarely","Sometimes","Never","Very frequently","Never","Very frequently","Sometimes","Sometimes","Very frequently","Never",6,2,2,0,"Improve"
"603",21,"Spotify",2,"Yes","No","No","R&B","Yes","Yes",147,"Sometimes","Never","Sometimes","Rarely","Never","Never","Sometimes","Very frequently","Never","Sometimes","Rarely","Sometimes","Very frequently","Sometimes","Sometimes","Sometimes",7,6,4,6,"Improve"
"604",17,"Spotify",2,"Yes","Yes","No","Rock","Yes","Yes",120,"Very frequently","Rarely","Never","Sometimes","Never","Sometimes","Rarely","Never","Sometimes","Rarely","Rarely","Very frequently","Never","Rarely","Very frequently","Never",7,6,0,9,"Improve"
"605",18,"Spotify",1,"Yes","Yes","No","Pop","Yes","Yes",160,"Rarely","Rarely","Never","Never","Never","Never","Rarely","Never","Never","Rarely","Never","Very frequently","Never","Never","Sometimes","Sometimes",3,2,2,5,"Improve"
"606",19,"Other streaming service",6,"Yes","No","Yes","Rap","Yes","No",120,"Rarely","Sometimes","Sometimes","Rarely","Rarely","Very frequently","Rarely","Rarely","Rarely","Sometimes","Rarely","Sometimes","Sometimes","Sometimes","Rarely","Rarely",2,2,2,2,"Improve"
"607",19,"Spotify",5,"Yes","Yes","No","Classical","No","No",170,"Very frequently","Never","Never","Never","Never","Never","Rarely","Never","Never","Never","Never","Never","Never","Never","Never","Sometimes",2,3,2,1,"Improve"
"608",29,"YouTube Music",2,"Yes","No","No","Hip hop","Yes","Yes",98,"Sometimes","Rarely","Very frequently","Sometimes","Rarely","Very frequently","Very frequently","Sometimes","Never","Rarely","Never","Sometimes","Very frequently","Very frequently","Very frequently","Rarely",2,2,2,5,"Improve"
